resume_text,category


Pointers memory management data structures file handling,C Developer
Low level programming memory optimization debugging,C Developer
Embedded programming microcontrollers hardware interfacing,C Developer
System programming processes threads synchronization,C Developer
Socket programming networking applications TCP UDP,C Developer
Operating systems concepts memory allocation,C Developer
Real time systems embedded firmware development,C Developer
Pointer arithmetic dynamic memory allocation,C Developer
Linux system programming kernel basics,C Developer
Performance optimization low level coding debugging,C Developer
Multithreading concurrency synchronization problems,C Developer
Data structures linked list stack queue implementation,C Developer
File handling input output system calls,C Developer
Hardware interaction microcontroller programming,C Developer
Memory management segmentation paging concepts,C Developer




Spring Boot REST APIs microservices architecture,Java Developer
OOP concepts multithreading collections framework,Java Developer
Backend development database integration JDBC Hibernate,Java Developer
Microservices development Docker Kubernetes deployment,Java Developer
RESTful services API development JSON XML processing,Java Developer
Spring framework dependency injection security,Java Developer
Database connectivity SQL queries optimization,Java Developer
Distributed systems backend engineering scalability,Java Developer
Web services API integration backend systems,Java Developer
Cloud deployment AWS backend services,Java Developer
Multithreading concurrency performance tuning,Java Developer
Design patterns object oriented architecture,Java Developer
Backend systems transaction management services,Java Developer
Application development server side programming,Java Developer
API development authentication authorization security,Java Developer


Django Flask REST APIs backend development,Python Developer
Data analysis pandas numpy visualization,Python Developer
Machine learning model building scikit-learn,Python Developer
Automation scripting selenium data extraction,Python Developer
Web development backend APIs integration,Python Developer
Deep learning tensorflow keras neural networks,Python Developer
Natural language processing text analysis,Python Developer
Data pipelines ETL processing big data,Python Developer
Database integration SQL MongoDB data handling,Python Developer
Cloud services AWS data processing pipelines,Python Developer
API development JSON data processing,Python Developer
Data visualization matplotlib seaborn dashboards,Python Developer
Backend systems scalable architecture development,Python Developer
AI machine learning model deployment,Python Developer
Scripting automation task scheduling cron jobs,Python Developer



Natural language processing transformers AI for real world applications,AI Engineer
strong background in Reinforcement learning AI systems development,AI Engineer
Machine learning engineer TensorFlow models AI for real world applications,AI Engineer
AI chatbot NLP Python TensorFlow,AI Engineer
AI engineer Python deep learning frameworks with hands-on experience,AI Engineer
experienced in Speech recognition AI deep learning models,AI Engineer
strong background in Computer vision image processing deep learning,AI Engineer
skilled in Reinforcement learning AI systems development,AI Engineer
experienced in Machine learning engineer TensorFlow models AI,AI Engineer
Computer vision image processing deep learning and practical implementation,AI Engineer
proficient in AI engineer Python deep learning frameworks,AI Engineer
proficient in Deep learning neural networks NLP AI engineer,AI Engineer
strong background in AI automation intelligent systems development,AI Engineer
proficient in AI model deployment machine learning pipelines,AI Engineer
skilled in Computer vision image processing deep learning,AI Engineer
skilled in Speech recognition AI deep learning models,AI Engineer
proficient in Speech recognition AI deep learning models,AI Engineer
Computer vision image processing deep learning,AI Engineer
skilled in Natural language processing transformers AI,AI Engineer
AI model deployment machine learning pipelines with hands-on experience,AI Engineer
skilled in AI automation intelligent systems development,AI Engineer
Reinforcement learning AI systems development for real world applications,AI Engineer
strong background in AI engineer Python deep learning frameworks,AI Engineer
Deep learning neural networks NLP AI engineer with hands-on experience,AI Engineer
proficient in Reinforcement learning AI systems development,AI Engineer
Machine learning engineer TensorFlow models AI with hands-on experience,AI Engineer
Speech recognition AI deep learning models for real world applications,AI Engineer
experienced in AI model deployment machine learning pipelines,AI Engineer
Speech recognition AI deep learning models,AI Engineer
strong background in Speech recognition AI deep learning models,AI Engineer
AI model deployment machine learning pipelines and practical implementation,AI Engineer
Reinforcement learning AI systems development and practical implementation,AI Engineer
Speech recognition AI deep learning models with hands-on experience,AI Engineer
strong background in Deep learning neural networks NLP AI engineer,AI Engineer
Natural language processing transformers AI,AI Engineer
AI engineer Python deep learning frameworks,AI Engineer
skilled in Deep learning neural networks NLP AI engineer,AI Engineer
strong background in AI model deployment machine learning pipelines,AI Engineer
strong background in Machine learning engineer TensorFlow models AI,AI Engineer
skilled in AI engineer Python deep learning frameworks,AI Engineer
strong background in AI chatbot NLP Python TensorFlow,AI Engineer
proficient in Machine learning engineer TensorFlow models AI,AI Engineer
Reinforcement learning AI systems development,AI Engineer
proficient in Computer vision image processing deep learning,AI Engineer
skilled in AI chatbot NLP Python TensorFlow,AI Engineer
Computer vision image processing deep learning for real world applications,AI Engineer
AI chatbot NLP Python TensorFlow for real world applications,AI Engineer
Speech recognition AI deep learning models and practical implementation,AI Engineer
Reinforcement learning AI systems development with hands-on experience,AI Engineer
AI engineer Python deep learning frameworks and practical implementation,AI Engineer
AI engineer Python deep learning frameworks for real world applications,AI Engineer
Deep learning neural networks NLP AI engineer and practical implementation,AI Engineer
AI model deployment machine learning pipelines for real world applications,AI Engineer
experienced in AI engineer Python deep learning frameworks,AI Engineer
Computer vision image processing deep learning with hands-on experience,AI Engineer
skilled in Machine learning engineer TensorFlow models AI,AI Engineer
AI automation intelligent systems development,AI Engineer
Natural language processing transformers AI and practical implementation,AI Engineer
skilled in AI model deployment machine learning pipelines,AI Engineer
AI model deployment machine learning pipelines,AI Engineer
Machine learning engineer TensorFlow models AI,AI Engineer
experienced in Natural language processing transformers AI,AI Engineer
AI chatbot NLP Python TensorFlow with hands-on experience,AI Engineer
Deep learning neural networks NLP AI engineer for real world applications,AI Engineer
proficient in AI automation intelligent systems development,AI Engineer
Machine learning engineer TensorFlow models AI and practical implementation,AI Engineer
experienced in Deep learning neural networks NLP AI engineer,AI Engineer
AI automation intelligent systems development and practical implementation,AI Engineer
Natural language processing transformers AI with hands-on experience,AI Engineer
Deep learning neural networks NLP AI engineer,AI Engineer
proficient in AI chatbot NLP Python TensorFlow,AI Engineer
AI automation intelligent systems development with hands-on experience,AI Engineer
AI chatbot NLP Python TensorFlow and practical implementation,AI Engineer
experienced in Reinforcement learning AI systems development,AI Engineer
proficient in Natural language processing transformers AI,AI Engineer
strong background in Natural language processing transformers AI,AI Engineer
experienced in Computer vision image processing deep learning,AI Engineer
AI automation intelligent systems development for real world applications,AI Engineer


Cyber security ethical hacking penetration testing,Cyber Security
Network security firewall vulnerability testing,Cyber Security
Information security risk assessment cybersecurity,Cyber Security
Ethical hacking tools Kali Linux security,Cyber Security
Web security OWASP vulnerabilities testing,Cyber Security
Cyber security analyst network monitoring,Cyber Security
Malware analysis security threat detection,Cyber Security
Security auditing penetration testing tools,Cyber Security
Cryptography encryption cybersecurity basics,Cyber Security
Incident response cyber security analyst,Cyber Security



System reliability monitoring incident response SRE,Site Reliability Engineer
High availability systems uptime monitoring SRE,Site Reliability Engineer
Infrastructure reliability monitoring alerting SRE,Site Reliability Engineer
Site reliability automation incident management,Site Reliability Engineer
System performance monitoring reliability engineering,Site Reliability Engineer
SRE logging monitoring distributed systems,Site Reliability Engineer
System scalability reliability engineering practices,Site Reliability Engineer
Monitoring alerting systems uptime reliability,Site Reliability Engineer
SRE infrastructure automation reliability systems,Site Reliability Engineer
Production systems reliability monitoring SRE,Site Reliability Engineer



Financial analysis budgeting forecasting finance,Finance Analyst
Financial modeling analysis forecasting finance reports,Finance Analyst
Investment analysis financial planning budgeting,Finance Analyst
Finance analyst reporting forecasting financial data,Finance Analyst
Budgeting forecasting financial analysis reports,Finance Analyst
Financial statements analysis reporting finance,Finance Analyst
Finance analytics budgeting forecasting models,Finance Analyst
Financial planning analysis forecasting budgeting,Finance Analyst
Finance reporting analysis investment planning,Finance Analyst
Financial analyst modeling forecasting budgeting,Finance Analyst





Augmented reality development AR frameworks with hands-on experience,AR/VR Developer
experienced in AR development mobile apps augmented reality,AR/VR Developer
experienced in Virtual reality development Unity immersive apps,AR/VR Developer
AR development mobile apps augmented reality and practical implementation,AR/VR Developer
experienced in AR VR development Unity 3D virtual reality,AR/VR Developer
experienced in Virtual reality VR Unity game development,AR/VR Developer
strong background in Augmented reality AR mobile applications development,AR/VR Developer
VR development 3D environments Unity,AR/VR Developer
Augmented reality AR mobile applications development for real world applications,AR/VR Developer
AR VR development Unity 3D virtual reality and practical implementation,AR/VR Developer
Augmented reality development AR frameworks and practical implementation,AR/VR Developer
strong background in Virtual reality development Unity immersive apps,AR/VR Developer
Virtual reality VR Unity game development with hands-on experience,AR/VR Developer
AR development mobile apps augmented reality,AR/VR Developer
strong background in Virtual reality VR Unity game development,AR/VR Developer
AR VR design interactive applications Unity,AR/VR Developer
AR VR development Unity 3D virtual reality,AR/VR Developer
skilled in Virtual reality VR Unity game development,AR/VR Developer
skilled in VR development 3D environments Unity,AR/VR Developer
proficient in VR development 3D environments Unity,AR/VR Developer
AR VR development Unity 3D virtual reality for real world applications,AR/VR Developer
Mixed reality AR VR applications Unity with hands-on experience,AR/VR Developer
skilled in Augmented reality development AR frameworks,AR/VR Developer
proficient in AR VR development Unity 3D virtual reality,AR/VR Developer
proficient in Virtual reality VR Unity game development,AR/VR Developer
Virtual reality development Unity immersive apps and practical implementation,AR/VR Developer
Virtual reality development Unity immersive apps for real world applications,AR/VR Developer
proficient in Mixed reality AR VR applications Unity,AR/VR Developer
Virtual reality VR Unity game development for real world applications,AR/VR Developer
skilled in Virtual reality development Unity immersive apps,AR/VR Developer
AR VR development Unity 3D virtual reality with hands-on experience,AR/VR Developer
skilled in AR development mobile apps augmented reality,AR/VR Developer
Mixed reality AR VR applications Unity,AR/VR Developer
Virtual reality VR Unity game development,AR/VR Developer
Mixed reality AR VR applications Unity and practical implementation,AR/VR Developer
proficient in Augmented reality development AR frameworks,AR/VR Developer
strong background in AR VR development Unity 3D virtual reality,AR/VR Developer
Augmented reality AR mobile applications development,AR/VR Developer
proficient in AR VR applications Unity 3D development,AR/VR Developer
experienced in AR VR design interactive applications Unity,AR/VR Developer
Virtual reality development Unity immersive apps,AR/VR Developer
strong background in Mixed reality AR VR applications Unity,AR/VR Developer
skilled in AR VR applications Unity 3D development,AR/VR Developer
VR development 3D environments Unity with hands-on experience,AR/VR Developer
skilled in AR VR development Unity 3D virtual reality,AR/VR Developer
AR VR design interactive applications Unity with hands-on experience,AR/VR Developer
proficient in AR VR design interactive applications Unity,AR/VR Developer
Augmented reality development AR frameworks for real world applications,AR/VR Developer
AR VR design interactive applications Unity for real world applications,AR/VR Developer
AR development mobile apps augmented reality for real world applications,AR/VR Developer
experienced in AR VR applications Unity 3D development,AR/VR Developer
AR VR design interactive applications Unity and practical implementation,AR/VR Developer
strong background in VR development 3D environments Unity,AR/VR Developer
strong background in Augmented reality development AR frameworks,AR/VR Developer
proficient in AR development mobile apps augmented reality,AR/VR Developer
experienced in Mixed reality AR VR applications Unity,AR/VR Developer
AR VR applications Unity 3D development,AR/VR Developer
VR development 3D environments Unity for real world applications,AR/VR Developer
Augmented reality AR mobile applications development with hands-on experience,AR/VR Developer
proficient in Augmented reality AR mobile applications development,AR/VR Developer
experienced in VR development 3D environments Unity,AR/VR Developer
proficient in Virtual reality development Unity immersive apps,AR/VR Developer
Augmented reality AR mobile applications development and practical implementation,AR/VR Developer
Virtual reality VR Unity game development and practical implementation,AR/VR Developer
AR VR applications Unity 3D development for real world applications,AR/VR Developer
strong background in AR development mobile apps augmented reality,AR/VR Developer
VR development 3D environments Unity and practical implementation,AR/VR Developer
skilled in AR VR design interactive applications Unity,AR/VR Developer
strong background in AR VR design interactive applications Unity,AR/VR Developer
Virtual reality development Unity immersive apps with hands-on experience,AR/VR Developer
Augmented reality development AR frameworks,AR/VR Developer
experienced in Augmented reality development AR frameworks,AR/VR Developer
experienced in Augmented reality AR mobile applications development,AR/VR Developer
AR VR applications Unity 3D development with hands-on experience,AR/VR Developer
AR development mobile apps augmented reality with hands-on experience,AR/VR Developer
AR VR applications Unity 3D development and practical implementation,AR/VR Developer
strong background in AR VR applications Unity 3D development,AR/VR Developer
skilled in Augmented reality AR mobile applications development,AR/VR Developer




experienced in Kotlin Java Android SDK app development,Android Development
Android Studio mobile app UI development with hands-on experience,Android Development
proficient in Mobile app debugging Android Java,Android Development
Android development Java Kotlin mobile apps with hands-on experience,Android Development
Android UI UX design mobile apps,Android Development
proficient in Android Studio mobile app UI development,Android Development
Kotlin Java Android SDK app development with hands-on experience,Android Development
skilled in Mobile application development Android Java,Android Development
Mobile application development Android Java and practical implementation,Android Development
proficient in Android development Java Kotlin mobile apps,Android Development
proficient in Android UI UX design mobile apps,Android Development
Kotlin Android app development projects with hands-on experience,Android Development
skilled in Mobile app debugging Android Java,Android Development
experienced in Android Studio mobile app UI development,Android Development
Android apps Google Play deployment and practical implementation,Android Development
skilled in Android development REST API integration,Android Development
Kotlin Java Android SDK app development,Android Development
experienced in Mobile application development Android Java,Android Development
Mobile app debugging Android Java,Android Development
Android development Java Kotlin mobile apps and practical implementation,Android Development
strong background in Android development Java Kotlin mobile apps,Android Development
strong background in Android apps Google Play deployment,Android Development
Android development REST API integration for real world applications,Android Development
Mobile app debugging Android Java for real world applications,Android Development
skilled in Firebase Android app backend integration,Android Development
Mobile app debugging Android Java with hands-on experience,Android Development
Android apps Google Play deployment with hands-on experience,Android Development
experienced in Android development REST API integration,Android Development
Kotlin Java Android SDK app development for real world applications,Android Development
Android UI UX design mobile apps with hands-on experience,Android Development
proficient in Android development REST API integration,Android Development
skilled in Android apps Google Play deployment,Android Development
experienced in Kotlin Android app development projects,Android Development
strong background in Android Studio mobile app UI development,Android Development
Android Studio mobile app UI development for real world applications,Android Development
Android development Java Kotlin mobile apps,Android Development
proficient in Firebase Android app backend integration,Android Development
Mobile application development Android Java for real world applications,Android Development
Android Studio mobile app UI development and practical implementation,Android Development
Android UI UX design mobile apps for real world applications,Android Development
Mobile app debugging Android Java and practical implementation,Android Development
experienced in Android apps Google Play deployment,Android Development
Android development Java Kotlin mobile apps for real world applications,Android Development
Firebase Android app backend integration with hands-on experience,Android Development
Mobile application development Android Java with hands-on experience,Android Development
Firebase Android app backend integration,Android Development
experienced in Mobile app debugging Android Java,Android Development
Android development REST API integration with hands-on experience,Android Development
Kotlin Android app development projects for real world applications,Android Development
Kotlin Android app development projects,Android Development
Firebase Android app backend integration and practical implementation,Android Development
experienced in Firebase Android app backend integration,Android Development
skilled in Android UI UX design mobile apps,Android Development
proficient in Kotlin Android app development projects,Android Development
Firebase Android app backend integration for real world applications,Android Development
skilled in Android development Java Kotlin mobile apps,Android Development
Android UI UX design mobile apps and practical implementation,Android Development
strong background in Firebase Android app backend integration,Android Development
strong background in Kotlin Android app development projects,Android Development
strong background in Mobile app debugging Android Java,Android Development
strong background in Android UI UX design mobile apps,Android Development
Android apps Google Play deployment for real world applications,Android Development
proficient in Kotlin Java Android SDK app development,Android Development
strong background in Kotlin Java Android SDK app development,Android Development
strong background in Android development REST API integration,Android Development
skilled in Kotlin Android app development projects,Android Development
proficient in Mobile application development Android Java,Android Development
Android development REST API integration,Android Development
experienced in Android UI UX design mobile apps,Android Development
Android Studio mobile app UI development,Android Development
skilled in Kotlin Java Android SDK app development,Android Development
proficient in Android apps Google Play deployment,Android Development
Kotlin Java Android SDK app development and practical implementation,Android Development
Mobile application development Android Java,Android Development
Android apps Google Play deployment,Android Development
experienced in Android development Java Kotlin mobile apps,Android Development
skilled in Android Studio mobile app UI development,Android Development
Android development REST API integration and practical implementation,Android Development
Kotlin Android app development projects and practical implementation,Android Development





experienced in Cryptocurrency blockchain Bitcoin Ethereum systems,Blockchain Developer
Blockchain technology distributed ledger systems,Blockchain Developer
skilled in Blockchain smart contracts Ethereum Solidity,Blockchain Developer
Blockchain smart contracts Ethereum Solidity with hands-on experience,Blockchain Developer
experienced in Blockchain platforms Hyperledger Ethereum development,Blockchain Developer
Smart contract development Solidity Ethereum with hands-on experience,Blockchain Developer
experienced in Blockchain technology distributed ledger systems,Blockchain Developer
DApps blockchain frontend backend integration for real world applications,Blockchain Developer
proficient in DApps blockchain frontend backend integration,Blockchain Developer
strong background in Blockchain security smart contracts auditing,Blockchain Developer
Smart contract development Solidity Ethereum and practical implementation,Blockchain Developer
Blockchain technology distributed ledger systems and practical implementation,Blockchain Developer
skilled in Blockchain decentralized applications DApps development,Blockchain Developer
strong background in Blockchain platforms Hyperledger Ethereum development,Blockchain Developer
Blockchain security smart contracts auditing and practical implementation,Blockchain Developer
Smart contract development Solidity Ethereum,Blockchain Developer
proficient in Blockchain development cryptocurrency smart contracts,Blockchain Developer
Blockchain platforms Hyperledger Ethereum development with hands-on experience,Blockchain Developer
proficient in Cryptocurrency blockchain Bitcoin Ethereum systems,Blockchain Developer
Blockchain decentralized applications DApps development and practical implementation,Blockchain Developer
proficient in Blockchain technology distributed ledger systems,Blockchain Developer
experienced in Blockchain smart contracts Ethereum Solidity,Blockchain Developer
strong background in Ethereum Solidity smart contract development,Blockchain Developer
proficient in Blockchain platforms Hyperledger Ethereum development,Blockchain Developer
Blockchain decentralized applications DApps development,Blockchain Developer
strong background in Blockchain development cryptocurrency smart contracts,Blockchain Developer
Ethereum Solidity smart contract development and practical implementation,Blockchain Developer
skilled in Smart contract development Solidity Ethereum,Blockchain Developer
Blockchain technology distributed ledger systems for real world applications,Blockchain Developer
skilled in DApps blockchain frontend backend integration,Blockchain Developer
Smart contract development Solidity Ethereum for real world applications,Blockchain Developer
proficient in Smart contract development Solidity Ethereum,Blockchain Developer
experienced in Smart contract development Solidity Ethereum,Blockchain Developer
Ethereum Solidity smart contract development,Blockchain Developer
strong background in Blockchain technology distributed ledger systems,Blockchain Developer
skilled in Blockchain technology distributed ledger systems,Blockchain Developer
skilled in Blockchain development cryptocurrency smart contracts,Blockchain Developer
Blockchain smart contracts Ethereum Solidity for real world applications,Blockchain Developer
Ethereum Solidity smart contract development with hands-on experience,Blockchain Developer
Blockchain smart contracts Ethereum Solidity and practical implementation,Blockchain Developer
Blockchain development cryptocurrency smart contracts,Blockchain Developer
experienced in Blockchain development cryptocurrency smart contracts,Blockchain Developer
Blockchain security smart contracts auditing,Blockchain Developer
strong background in Cryptocurrency blockchain Bitcoin Ethereum systems,Blockchain Developer
DApps blockchain frontend backend integration,Blockchain Developer
experienced in Ethereum Solidity smart contract development,Blockchain Developer
Blockchain development cryptocurrency smart contracts and practical implementation,Blockchain Developer
skilled in Blockchain platforms Hyperledger Ethereum development,Blockchain Developer
Blockchain platforms Hyperledger Ethereum development and practical implementation,Blockchain Developer
Ethereum Solidity smart contract development for real world applications,Blockchain Developer
skilled in Blockchain security smart contracts auditing,Blockchain Developer
skilled in Ethereum Solidity smart contract development,Blockchain Developer
Cryptocurrency blockchain Bitcoin Ethereum systems,Blockchain Developer
Blockchain security smart contracts auditing with hands-on experience,Blockchain Developer
Cryptocurrency blockchain Bitcoin Ethereum systems with hands-on experience,Blockchain Developer
DApps blockchain frontend backend integration and practical implementation,Blockchain Developer
skilled in Cryptocurrency blockchain Bitcoin Ethereum systems,Blockchain Developer
experienced in Blockchain decentralized applications DApps development,Blockchain Developer
Blockchain platforms Hyperledger Ethereum development,Blockchain Developer
Cryptocurrency blockchain Bitcoin Ethereum systems for real world applications,Blockchain Developer
strong background in DApps blockchain frontend backend integration,Blockchain Developer
proficient in Blockchain decentralized applications DApps development,Blockchain Developer
Blockchain smart contracts Ethereum Solidity,Blockchain Developer
Blockchain development cryptocurrency smart contracts for real world applications,Blockchain Developer
strong background in Smart contract development Solidity Ethereum,Blockchain Developer
proficient in Blockchain security smart contracts auditing,Blockchain Developer
proficient in Blockchain smart contracts Ethereum Solidity,Blockchain Developer
Blockchain technology distributed ledger systems with hands-on experience,Blockchain Developer
DApps blockchain frontend backend integration with hands-on experience,Blockchain Developer
Blockchain decentralized applications DApps development for real world applications,Blockchain Developer
proficient in Ethereum Solidity smart contract development,Blockchain Developer
Blockchain security smart contracts auditing for real world applications,Blockchain Developer
Blockchain platforms Hyperledger Ethereum development for real world applications,Blockchain Developer
strong background in Blockchain smart contracts Ethereum Solidity,Blockchain Developer
Cryptocurrency blockchain Bitcoin Ethereum systems and practical implementation,Blockchain Developer



Market analysis business growth strategies for real world applications,Business Analyst
experienced in Process improvement business analysis workflows,Business Analyst
skilled in Business analyst SQL Excel reporting,Business Analyst
Business intelligence analytics reporting with hands-on experience,Business Analyst
strong background in Requirement analysis Agile Scrum business analyst,Business Analyst
Business analyst SQL Excel reporting and practical implementation,Business Analyst
Business analyst documentation UML diagrams and practical implementation,Business Analyst
Market analysis business growth strategies and practical implementation,Business Analyst
Stakeholder communication business analyst role and practical implementation,Business Analyst
experienced in Business analysis requirements gathering documentation,Business Analyst
proficient in Stakeholder communication business analyst role,Business Analyst
Data driven decision making business analyst,Business Analyst
strong background in Stakeholder communication business analyst role,Business Analyst
Requirement analysis Agile Scrum business analyst and practical implementation,Business Analyst
Requirement analysis Agile Scrum business analyst with hands-on experience,Business Analyst
KPI metrics dashboards business analysis,Business Analyst
skilled in Requirement analysis Agile Scrum business analyst,Business Analyst
experienced in Stakeholder communication business analyst role,Business Analyst
Business intelligence analytics reporting for real world applications,Business Analyst
strong background in Business analysis requirements gathering documentation,Business Analyst
Process improvement business analysis workflows with hands-on experience,Business Analyst
proficient in KPI metrics dashboards business analysis,Business Analyst
proficient in Requirement analysis Agile Scrum business analyst,Business Analyst
Data driven decision making business analyst with hands-on experience,Business Analyst
experienced in Business analyst documentation UML diagrams,Business Analyst
strong background in Process improvement business analysis workflows,Business Analyst
experienced in Business analyst SQL Excel reporting,Business Analyst
strong background in Business analyst documentation UML diagrams,Business Analyst
Requirement analysis Agile Scrum business analyst for real world applications,Business Analyst
Market analysis business growth strategies,Business Analyst
proficient in Business analysis requirements gathering documentation,Business Analyst
Stakeholder communication business analyst role for real world applications,Business Analyst
KPI metrics dashboards business analysis and practical implementation,Business Analyst
skilled in Business analysis requirements gathering documentation,Business Analyst
Business analyst SQL Excel reporting for real world applications,Business Analyst
Business analysis requirements gathering documentation and practical implementation,Business Analyst
Process improvement business analysis workflows,Business Analyst
Business analyst SQL Excel reporting,Business Analyst
Market analysis business growth strategies with hands-on experience,Business Analyst
skilled in Data driven decision making business analyst,Business Analyst
proficient in Data driven decision making business analyst,Business Analyst
Business analyst documentation UML diagrams for real world applications,Business Analyst
skilled in Business intelligence analytics reporting,Business Analyst
skilled in Process improvement business analysis workflows,Business Analyst
strong background in Data driven decision making business analyst,Business Analyst
Requirement analysis Agile Scrum business analyst,Business Analyst
Business analyst documentation UML diagrams,Business Analyst
Data driven decision making business analyst and practical implementation,Business Analyst
skilled in Market analysis business growth strategies,Business Analyst
strong background in KPI metrics dashboards business analysis,Business Analyst
Process improvement business analysis workflows and practical implementation,Business Analyst
KPI metrics dashboards business analysis for real world applications,Business Analyst
strong background in Business analyst SQL Excel reporting,Business Analyst
experienced in Data driven decision making business analyst,Business Analyst
proficient in Process improvement business analysis workflows,Business Analyst
Stakeholder communication business analyst role with hands-on experience,Business Analyst
Business analysis requirements gathering documentation,Business Analyst
skilled in Business analyst documentation UML diagrams,Business Analyst
Business analyst SQL Excel reporting with hands-on experience,Business Analyst
Data driven decision making business analyst for real world applications,Business Analyst
proficient in Business intelligence analytics reporting,Business Analyst
Business analyst documentation UML diagrams with hands-on experience,Business Analyst
Business intelligence analytics reporting and practical implementation,Business Analyst
Process improvement business analysis workflows for real world applications,Business Analyst
Stakeholder communication business analyst role,Business Analyst
proficient in Business analyst SQL Excel reporting,Business Analyst
KPI metrics dashboards business analysis with hands-on experience,Business Analyst
proficient in Business analyst documentation UML diagrams,Business Analyst
skilled in KPI metrics dashboards business analysis,Business Analyst
strong background in Market analysis business growth strategies,Business Analyst
experienced in Market analysis business growth strategies,Business Analyst
Business intelligence analytics reporting,Business Analyst
experienced in Business intelligence analytics reporting,Business Analyst
Business analysis requirements gathering documentation for real world applications,Business Analyst
proficient in Market analysis business growth strategies,Business Analyst
strong background in Business intelligence analytics reporting,Business Analyst





skilled in Cloud computing AWS infrastructure automation,Cloud Engineer
proficient in Azure cloud virtual machines storage networking,Cloud Engineer
experienced in Cloud architecture design scalable systems AWS,Cloud Engineer
Cloud deployment pipelines AWS services for real world applications,Cloud Engineer
Cloud architecture design scalable systems AWS for real world applications,Cloud Engineer
experienced in Cloud computing AWS infrastructure automation,Cloud Engineer
Cloud networking VPC subnets AWS with hands-on experience,Cloud Engineer
Azure cloud virtual machines storage networking with hands-on experience,Cloud Engineer
Cloud architecture design scalable systems AWS with hands-on experience,Cloud Engineer
experienced in Cloud deployment pipelines AWS services,Cloud Engineer
Cloud monitoring logging AWS cloudwatch and practical implementation,Cloud Engineer
Cloud deployment pipelines AWS services,Cloud Engineer
proficient in Cloud monitoring logging AWS cloudwatch,Cloud Engineer
strong background in Cloud security AWS IAM policies configuration,Cloud Engineer
experienced in Azure cloud virtual machines storage networking,Cloud Engineer
proficient in Cloud architecture design scalable systems AWS,Cloud Engineer
AWS cloud services EC2 S3 deployment infrastructure,Cloud Engineer
Google cloud platform deployment cloud architecture for real world applications,Cloud Engineer
Cloud computing AWS infrastructure automation and practical implementation,Cloud Engineer
Cloud security AWS IAM policies configuration with hands-on experience,Cloud Engineer
experienced in AWS cloud services EC2 S3 deployment infrastructure,Cloud Engineer
Cloud networking VPC subnets AWS and practical implementation,Cloud Engineer
experienced in Cloud monitoring logging AWS cloudwatch,Cloud Engineer
Cloud computing AWS infrastructure automation for real world applications,Cloud Engineer
skilled in Cloud deployment pipelines AWS services,Cloud Engineer
Google cloud platform deployment cloud architecture with hands-on experience,Cloud Engineer
AWS cloud services EC2 S3 deployment infrastructure with hands-on experience,Cloud Engineer
Azure cloud virtual machines storage networking for real world applications,Cloud Engineer
Cloud networking VPC subnets AWS for real world applications,Cloud Engineer
Cloud services deployment automation AWS and practical implementation,Cloud Engineer
Cloud monitoring logging AWS cloudwatch for real world applications,Cloud Engineer
Azure cloud virtual machines storage networking and practical implementation,Cloud Engineer
AWS cloud services EC2 S3 deployment infrastructure for real world applications,Cloud Engineer
Cloud services deployment automation AWS for real world applications,Cloud Engineer
Cloud security AWS IAM policies configuration for real world applications,Cloud Engineer
Google cloud platform deployment cloud architecture and practical implementation,Cloud Engineer
Cloud architecture design scalable systems AWS and practical implementation,Cloud Engineer
experienced in Google cloud platform deployment cloud architecture,Cloud Engineer
skilled in Cloud networking VPC subnets AWS,Cloud Engineer
strong background in AWS cloud services EC2 S3 deployment infrastructure,Cloud Engineer
strong background in Cloud networking VPC subnets AWS,Cloud Engineer
strong background in Cloud architecture design scalable systems AWS,Cloud Engineer
Cloud monitoring logging AWS cloudwatch,Cloud Engineer
strong background in Cloud monitoring logging AWS cloudwatch,Cloud Engineer
Cloud security AWS IAM policies configuration and practical implementation,Cloud Engineer
strong background in Cloud services deployment automation AWS,Cloud Engineer
Google cloud platform deployment cloud architecture,Cloud Engineer
skilled in AWS cloud services EC2 S3 deployment infrastructure,Cloud Engineer
skilled in Azure cloud virtual machines storage networking,Cloud Engineer
skilled in Cloud security AWS IAM policies configuration,Cloud Engineer
Cloud networking VPC subnets AWS,Cloud Engineer
Cloud computing AWS infrastructure automation,Cloud Engineer
Cloud security AWS IAM policies configuration,Cloud Engineer
Cloud deployment pipelines AWS services with hands-on experience,Cloud Engineer
proficient in Cloud networking VPC subnets AWS,Cloud Engineer
skilled in Cloud services deployment automation AWS,Cloud Engineer
Cloud computing AWS infrastructure automation with hands-on experience,Cloud Engineer
proficient in Cloud computing AWS infrastructure automation,Cloud Engineer
Azure cloud virtual machines storage networking,Cloud Engineer
Cloud deployment pipelines AWS services and practical implementation,Cloud Engineer
AWS cloud services EC2 S3 deployment infrastructure and practical implementation,Cloud Engineer
proficient in Cloud services deployment automation AWS,Cloud Engineer
skilled in Cloud monitoring logging AWS cloudwatch,Cloud Engineer
experienced in Cloud services deployment automation AWS,Cloud Engineer
Cloud architecture design scalable systems AWS,Cloud Engineer
skilled in Cloud architecture design scalable systems AWS,Cloud Engineer
Cloud services deployment automation AWS with hands-on experience,Cloud Engineer
strong background in Google cloud platform deployment cloud architecture,Cloud Engineer
proficient in AWS cloud services EC2 S3 deployment infrastructure,Cloud Engineer
Cloud monitoring logging AWS cloudwatch with hands-on experience,Cloud Engineer
proficient in Cloud security AWS IAM policies configuration,Cloud Engineer
strong background in Cloud deployment pipelines AWS services,Cloud Engineer
experienced in Cloud security AWS IAM policies configuration,Cloud Engineer
experienced in Cloud networking VPC subnets AWS,Cloud Engineer
Cloud services deployment automation AWS,Cloud Engineer
proficient in Google cloud platform deployment cloud architecture,Cloud Engineer





skilled in Copywriting content creation blogs articles,Content Writer
skilled in Content writing blogs articles SEO writing,Content Writer
SEO writing content blogs articles marketing for real world applications,Content Writer
Article writing content marketing SEO writing with hands-on experience,Content Writer
Writing blogs articles creative content and practical implementation,Content Writer
Content writer blog writing SEO optimization with hands-on experience,Content Writer
Content creation SEO blogs articles writing and practical implementation,Content Writer
experienced in Content writing digital marketing blogs SEO,Content Writer
Article writing content marketing SEO writing for real world applications,Content Writer
proficient in Article writing content marketing SEO writing,Content Writer
Content creation SEO blogs articles writing for real world applications,Content Writer
proficient in Copywriting content creation blogs articles,Content Writer
skilled in SEO writing content blogs articles marketing,Content Writer
skilled in Article writing content marketing SEO writing,Content Writer
experienced in Copywriting content creation blogs articles,Content Writer
experienced in SEO writing content blogs articles marketing,Content Writer
skilled in Technical content writing blogs articles,Content Writer
experienced in Content writer blog writing SEO optimization,Content Writer
Content writing digital marketing blogs SEO with hands-on experience,Content Writer
Content writer blog writing SEO optimization and practical implementation,Content Writer
Writing blogs articles creative content,Content Writer
Content creation SEO blogs articles writing,Content Writer
Copywriting content creation blogs articles with hands-on experience,Content Writer
strong background in Content writer blog writing SEO optimization,Content Writer
Writing blogs articles creative content for real world applications,Content Writer
Content creation SEO blogs articles writing with hands-on experience,Content Writer
experienced in Content writing blogs articles SEO writing,Content Writer
skilled in Writing blogs articles creative content,Content Writer
Technical content writing blogs articles,Content Writer
Content writing blogs articles SEO writing with hands-on experience,Content Writer
skilled in Content writer blog writing SEO optimization,Content Writer
skilled in Content creation SEO blogs articles writing,Content Writer
experienced in Article writing content marketing SEO writing,Content Writer
Content writing blogs articles SEO writing and practical implementation,Content Writer
strong background in SEO writing content blogs articles marketing,Content Writer
Article writing content marketing SEO writing,Content Writer
SEO writing content blogs articles marketing and practical implementation,Content Writer
Copywriting content creation blogs articles,Content Writer
Content writing digital marketing blogs SEO and practical implementation,Content Writer
experienced in Creative writing articles blogs content creation,Content Writer
strong background in Content writing digital marketing blogs SEO,Content Writer
Content writing blogs articles SEO writing,Content Writer
strong background in Creative writing articles blogs content creation,Content Writer
strong background in Writing blogs articles creative content,Content Writer
proficient in Content creation SEO blogs articles writing,Content Writer
strong background in Copywriting content creation blogs articles,Content Writer
proficient in Writing blogs articles creative content,Content Writer
Creative writing articles blogs content creation,Content Writer
experienced in Writing blogs articles creative content,Content Writer
proficient in SEO writing content blogs articles marketing,Content Writer
experienced in Technical content writing blogs articles,Content Writer
strong background in Content creation SEO blogs articles writing,Content Writer
Creative writing articles blogs content creation for real world applications,Content Writer
Technical content writing blogs articles with hands-on experience,Content Writer
proficient in Content writing blogs articles SEO writing,Content Writer
skilled in Creative writing articles blogs content creation,Content Writer
Content writer blog writing SEO optimization for real world applications,Content Writer
Creative writing articles blogs content creation with hands-on experience,Content Writer
SEO writing content blogs articles marketing,Content Writer
skilled in Content writing digital marketing blogs SEO,Content Writer
Writing blogs articles creative content with hands-on experience,Content Writer
proficient in Content writer blog writing SEO optimization,Content Writer
Content writing digital marketing blogs SEO for real world applications,Content Writer
Copywriting content creation blogs articles for real world applications,Content Writer
experienced in Content creation SEO blogs articles writing,Content Writer
strong background in Technical content writing blogs articles,Content Writer
Article writing content marketing SEO writing and practical implementation,Content Writer
Technical content writing blogs articles for real world applications,Content Writer
strong background in Content writing blogs articles SEO writing,Content Writer
Content writing digital marketing blogs SEO,Content Writer
SEO writing content blogs articles marketing with hands-on experience,Content Writer
Creative writing articles blogs content creation and practical implementation,Content Writer
proficient in Creative writing articles blogs content creation,Content Writer
Technical content writing blogs articles and practical implementation,Content Writer
Content writing blogs articles SEO writing for real world applications,Content Writer
Content writer blog writing SEO optimization,Content Writer
strong background in Article writing content marketing SEO writing,Content Writer





Ethical hacking tools Kali Linux security for real world applications,Cyber Security
experienced in Network security firewall vulnerability testing,Cyber Security
strong background in Ethical hacking tools Kali Linux security,Cyber Security
Cyber security analyst network monitoring,Cyber Security
experienced in Malware analysis security threat detection,Cyber Security
skilled in Network security firewall vulnerability testing,Cyber Security
experienced in Information security risk assessment cybersecurity,Cyber Security
Malware analysis security threat detection for real world applications,Cyber Security
skilled in Ethical hacking tools Kali Linux security,Cyber Security
Cryptography encryption cybersecurity basics for real world applications,Cyber Security
experienced in Cyber security analyst network monitoring,Cyber Security
Information security risk assessment cybersecurity and practical implementation,Cyber Security
skilled in Information security risk assessment cybersecurity,Cyber Security
strong background in Cyber security ethical hacking penetration testing,Cyber Security
experienced in Ethical hacking tools Kali Linux security,Cyber Security
Security auditing penetration testing tools for real world applications,Cyber Security
skilled in Cryptography encryption cybersecurity basics,Cyber Security
Web security OWASP vulnerabilities testing and practical implementation,Cyber Security
strong background in Security auditing penetration testing tools,Cyber Security
skilled in Incident response cyber security analyst,Cyber Security
proficient in Incident response cyber security analyst,Cyber Security
experienced in Security auditing penetration testing tools,Cyber Security
Malware analysis security threat detection and practical implementation,Cyber Security
strong background in Information security risk assessment cybersecurity,Cyber Security
Web security OWASP vulnerabilities testing,Cyber Security
skilled in Security auditing penetration testing tools,Cyber Security
Network security firewall vulnerability testing for real world applications,Cyber Security
strong background in Web security OWASP vulnerabilities testing,Cyber Security
experienced in Cryptography encryption cybersecurity basics,Cyber Security
Incident response cyber security analyst,Cyber Security
Web security OWASP vulnerabilities testing for real world applications,Cyber Security
proficient in Cryptography encryption cybersecurity basics,Cyber Security
Security auditing penetration testing tools with hands-on experience,Cyber Security
experienced in Cyber security ethical hacking penetration testing,Cyber Security
proficient in Information security risk assessment cybersecurity,Cyber Security
Incident response cyber security analyst with hands-on experience,Cyber Security
proficient in Security auditing penetration testing tools,Cyber Security
Cryptography encryption cybersecurity basics,Cyber Security
strong background in Cryptography encryption cybersecurity basics,Cyber Security
skilled in Cyber security ethical hacking penetration testing,Cyber Security
Cyber security ethical hacking penetration testing,Cyber Security
proficient in Web security OWASP vulnerabilities testing,Cyber Security
Incident response cyber security analyst for real world applications,Cyber Security
Network security firewall vulnerability testing with hands-on experience,Cyber Security
Security auditing penetration testing tools and practical implementation,Cyber Security
Malware analysis security threat detection,Cyber Security
Cyber security analyst network monitoring for real world applications,Cyber Security
proficient in Ethical hacking tools Kali Linux security,Cyber Security
Ethical hacking tools Kali Linux security,Cyber Security
Network security firewall vulnerability testing and practical implementation,Cyber Security
experienced in Web security OWASP vulnerabilities testing,Cyber Security
skilled in Web security OWASP vulnerabilities testing,Cyber Security
Cyber security ethical hacking penetration testing for real world applications,Cyber Security
experienced in Incident response cyber security analyst,Cyber Security
proficient in Cyber security analyst network monitoring,Cyber Security
Cyber security analyst network monitoring with hands-on experience,Cyber Security
Security auditing penetration testing tools,Cyber Security
strong background in Malware analysis security threat detection,Cyber Security
Cyber security analyst network monitoring and practical implementation,Cyber Security
skilled in Cyber security analyst network monitoring,Cyber Security
Information security risk assessment cybersecurity,Cyber Security
Cryptography encryption cybersecurity basics with hands-on experience,Cyber Security
strong background in Incident response cyber security analyst,Cyber Security
proficient in Malware analysis security threat detection,Cyber Security
Cyber security ethical hacking penetration testing and practical implementation,Cyber Security
strong background in Cyber security analyst network monitoring,Cyber Security
Information security risk assessment cybersecurity for real world applications,Cyber Security
Cryptography encryption cybersecurity basics and practical implementation,Cyber Security
Information security risk assessment cybersecurity with hands-on experience,Cyber Security
Web security OWASP vulnerabilities testing with hands-on experience,Cyber Security
Incident response cyber security analyst and practical implementation,Cyber Security
strong background in Network security firewall vulnerability testing,Cyber Security
Cyber security ethical hacking penetration testing with hands-on experience,Cyber Security
skilled in Malware analysis security threat detection,Cyber Security
Ethical hacking tools Kali Linux security and practical implementation,Cyber Security
Ethical hacking tools Kali Linux security with hands-on experience,Cyber Security



Data analyst Python pandas SQL and practical implementation,Data Analyst
proficient in SQL queries database data analysis reporting,Data Analyst
SQL queries database data analysis reporting for real world applications,Data Analyst
Data visualization dashboards Power BI with hands-on experience,Data Analyst
SQL Excel Power BI data analysis dashboards with hands-on experience,Data Analyst
experienced in Excel pivot tables charts data analyst,Data Analyst
strong background in SQL queries database data analysis reporting,Data Analyst
SQL queries database data analysis reporting with hands-on experience,Data Analyst
Reporting analytics Excel SQL data insights for real world applications,Data Analyst
skilled in Data analyst Excel reporting dashboards,Data Analyst
SQL queries database data analysis reporting and practical implementation,Data Analyst
proficient in Data analyst Excel reporting dashboards,Data Analyst
Excel pivot tables charts data analyst,Data Analyst
experienced in Business data analysis KPI metrics dashboards,Data Analyst
Business intelligence Power BI Tableau analytics,Data Analyst
Business intelligence Power BI Tableau analytics and practical implementation,Data Analyst
experienced in SQL Excel Power BI data analysis dashboards,Data Analyst
Data analyst Python pandas SQL with hands-on experience,Data Analyst
skilled in Data cleaning preprocessing Excel Python,Data Analyst
proficient in Data cleaning preprocessing Excel Python,Data Analyst
skilled in Data visualization dashboards Power BI,Data Analyst
experienced in Data visualization dashboards Power BI,Data Analyst
Data cleaning preprocessing Excel Python for real world applications,Data Analyst
Data analyst Excel reporting dashboards with hands-on experience,Data Analyst
skilled in Business data analysis KPI metrics dashboards,Data Analyst
proficient in SQL Excel Power BI data analysis dashboards,Data Analyst
Business data analysis KPI metrics dashboards for real world applications,Data Analyst
experienced in SQL queries database data analysis reporting,Data Analyst
strong background in Data analyst Python pandas SQL,Data Analyst
experienced in Data cleaning preprocessing Excel Python,Data Analyst
proficient in Business intelligence Power BI Tableau analytics,Data Analyst
strong background in Business data analysis KPI metrics dashboards,Data Analyst
experienced in Data analyst Excel reporting dashboards,Data Analyst
experienced in Reporting analytics Excel SQL data insights,Data Analyst
Business intelligence Power BI Tableau analytics for real world applications,Data Analyst
Data cleaning preprocessing Excel Python with hands-on experience,Data Analyst
Data visualization dashboards Power BI,Data Analyst
Excel pivot tables charts data analyst with hands-on experience,Data Analyst
skilled in SQL Excel Power BI data analysis dashboards,Data Analyst
proficient in Reporting analytics Excel SQL data insights,Data Analyst
strong background in Reporting analytics Excel SQL data insights,Data Analyst
experienced in Data analyst Python pandas SQL,Data Analyst
skilled in Business intelligence Power BI Tableau analytics,Data Analyst
Data analyst Python pandas SQL for real world applications,Data Analyst
experienced in Business intelligence Power BI Tableau analytics,Data Analyst
Reporting analytics Excel SQL data insights and practical implementation,Data Analyst
strong background in Data analyst Excel reporting dashboards,Data Analyst
strong background in Data cleaning preprocessing Excel Python,Data Analyst
skilled in Reporting analytics Excel SQL data insights,Data Analyst
Data analyst Python pandas SQL,Data Analyst
strong background in Business intelligence Power BI Tableau analytics,Data Analyst
Reporting analytics Excel SQL data insights with hands-on experience,Data Analyst
Business intelligence Power BI Tableau analytics with hands-on experience,Data Analyst
Excel pivot tables charts data analyst for real world applications,Data Analyst
Data cleaning preprocessing Excel Python and practical implementation,Data Analyst
Data analyst Excel reporting dashboards,Data Analyst
proficient in Data analyst Python pandas SQL,Data Analyst
strong background in Data visualization dashboards Power BI,Data Analyst
SQL Excel Power BI data analysis dashboards for real world applications,Data Analyst
proficient in Excel pivot tables charts data analyst,Data Analyst
Data analyst Excel reporting dashboards and practical implementation,Data Analyst
Excel pivot tables charts data analyst and practical implementation,Data Analyst
Business data analysis KPI metrics dashboards with hands-on experience,Data Analyst
strong background in SQL Excel Power BI data analysis dashboards,Data Analyst
strong background in Excel pivot tables charts data analyst,Data Analyst
Data visualization dashboards Power BI and practical implementation,Data Analyst
Data analyst Excel reporting dashboards for real world applications,Data Analyst
SQL Excel Power BI data analysis dashboards and practical implementation,Data Analyst
skilled in Data analyst Python pandas SQL,Data Analyst
Reporting analytics Excel SQL data insights,Data Analyst
Data cleaning preprocessing Excel Python,Data Analyst
proficient in Data visualization dashboards Power BI,Data Analyst
SQL Excel Power BI data analysis dashboards,Data Analyst
proficient in Business data analysis KPI metrics dashboards,Data Analyst
SQL queries database data analysis reporting,Data Analyst
skilled in SQL queries database data analysis reporting,Data Analyst
Business data analysis KPI metrics dashboards and practical implementation,Data Analyst
Business data analysis KPI metrics dashboards,Data Analyst
skilled in Excel pivot tables charts data analyst,Data Analyst
Data visualization dashboards Power BI for real world applications,Data Analyst




Apache Spark data processing pipelines engineering,Data Engineer
proficient in Big data engineering Hadoop Spark pipelines,Data Engineer
proficient in Data pipelines ETL data engineering Spark Hadoop,Data Engineer
ETL development data integration pipelines for real world applications,Data Engineer
strong background in Data warehousing ETL pipelines SQL big data,Data Engineer
experienced in Data pipelines ETL data engineering Spark Hadoop,Data Engineer
strong background in Data pipelines ETL data engineering Spark Hadoop,Data Engineer
Data pipelines ETL data engineering Spark Hadoop with hands-on experience,Data Engineer
skilled in Big data engineering Hadoop Spark pipelines,Data Engineer
Data engineering distributed systems pipelines,Data Engineer
proficient in Data engineering distributed systems pipelines,Data Engineer
Data ingestion pipelines ETL SQL processing with hands-on experience,Data Engineer
Data warehousing ETL pipelines SQL big data and practical implementation,Data Engineer
skilled in ETL development data integration pipelines,Data Engineer
experienced in Data ingestion pipelines ETL SQL processing,Data Engineer
Data lake architecture big data pipelines with hands-on experience,Data Engineer
Data pipeline orchestration Airflow ETL with hands-on experience,Data Engineer
skilled in Data pipeline orchestration Airflow ETL,Data Engineer
Data pipeline orchestration Airflow ETL for real world applications,Data Engineer
skilled in Data engineering distributed systems pipelines,Data Engineer
Data ingestion pipelines ETL SQL processing for real world applications,Data Engineer
skilled in Data ingestion pipelines ETL SQL processing,Data Engineer
strong background in Data lake architecture big data pipelines,Data Engineer
skilled in Apache Spark data processing pipelines engineering,Data Engineer
experienced in Data engineering distributed systems pipelines,Data Engineer
Data engineering distributed systems pipelines and practical implementation,Data Engineer
Apache Spark data processing pipelines engineering with hands-on experience,Data Engineer
ETL development data integration pipelines and practical implementation,Data Engineer
proficient in Data lake architecture big data pipelines,Data Engineer
ETL development data integration pipelines,Data Engineer
Data pipelines ETL data engineering Spark Hadoop for real world applications,Data Engineer
Apache Spark data processing pipelines engineering and practical implementation,Data Engineer
strong background in Big data engineering Hadoop Spark pipelines,Data Engineer
skilled in Data pipelines ETL data engineering Spark Hadoop,Data Engineer
Apache Spark data processing pipelines engineering for real world applications,Data Engineer
experienced in Apache Spark data processing pipelines engineering,Data Engineer
Data lake architecture big data pipelines for real world applications,Data Engineer
strong background in Data engineering distributed systems pipelines,Data Engineer
proficient in Data warehousing ETL pipelines SQL big data,Data Engineer
Data engineering pipelines batch processing Spark for real world applications,Data Engineer
strong background in Data ingestion pipelines ETL SQL processing,Data Engineer
experienced in Data lake architecture big data pipelines,Data Engineer
Big data engineering Hadoop Spark pipelines for real world applications,Data Engineer
ETL development data integration pipelines with hands-on experience,Data Engineer
Big data engineering Hadoop Spark pipelines with hands-on experience,Data Engineer
Data engineering pipelines batch processing Spark,Data Engineer
Data engineering distributed systems pipelines for real world applications,Data Engineer
Data engineering pipelines batch processing Spark with hands-on experience,Data Engineer
strong background in ETL development data integration pipelines,Data Engineer
experienced in Data pipeline orchestration Airflow ETL,Data Engineer
Data ingestion pipelines ETL SQL processing,Data Engineer
strong background in Apache Spark data processing pipelines engineering,Data Engineer
Data warehousing ETL pipelines SQL big data,Data Engineer
Big data engineering Hadoop Spark pipelines,Data Engineer
proficient in Apache Spark data processing pipelines engineering,Data Engineer
proficient in Data ingestion pipelines ETL SQL processing,Data Engineer
Data warehousing ETL pipelines SQL big data for real world applications,Data Engineer
proficient in ETL development data integration pipelines,Data Engineer
skilled in Data engineering pipelines batch processing Spark,Data Engineer
Data engineering pipelines batch processing Spark and practical implementation,Data Engineer
Data lake architecture big data pipelines,Data Engineer
experienced in Data engineering pipelines batch processing Spark,Data Engineer
Data ingestion pipelines ETL SQL processing and practical implementation,Data Engineer
Data engineering distributed systems pipelines with hands-on experience,Data Engineer
Data warehousing ETL pipelines SQL big data with hands-on experience,Data Engineer
Data lake architecture big data pipelines and practical implementation,Data Engineer
strong background in Data pipeline orchestration Airflow ETL,Data Engineer
Data pipelines ETL data engineering Spark Hadoop and practical implementation,Data Engineer
skilled in Data lake architecture big data pipelines,Data Engineer
Data pipeline orchestration Airflow ETL,Data Engineer
experienced in Data warehousing ETL pipelines SQL big data,Data Engineer
Data pipelines ETL data engineering Spark Hadoop,Data Engineer
experienced in ETL development data integration pipelines,Data Engineer
proficient in Data pipeline orchestration Airflow ETL,Data Engineer
Data pipeline orchestration Airflow ETL and practical implementation,Data Engineer
Big data engineering Hadoop Spark pipelines and practical implementation,Data Engineer
skilled in Data warehousing ETL pipelines SQL big data,Data Engineer
strong background in Data engineering pipelines batch processing Spark,Data Engineer




experienced in Big data Hadoop Spark data engineering,Data Science
proficient in Big data Hadoop Spark data engineering,Data Science
AI deep learning CNN RNN models Python and practical implementation,Data Science
Time series forecasting machine learning Python and practical implementation,Data Science
skilled in Big data Hadoop Spark data engineering,Data Science
experienced in Data analysis pandas numpy matplotlib visualization,Data Science
NLP natural language processing text analysis Python,Data Science
proficient in Data visualization Tableau Power BI analytics,Data Science
experienced in AI deep learning CNN RNN models Python,Data Science
skilled in Statistics probability data science Python,Data Science
strong background in Data analysis pandas numpy matplotlib visualization,Data Science
Big data Hadoop Spark data engineering,Data Science
experienced in Time series forecasting machine learning Python,Data Science
skilled in Data visualization Tableau Power BI analytics,Data Science
Python machine learning pandas numpy scikit-learn for real world applications,Data Science
proficient in Deep learning TensorFlow Keras neural networks AI,Data Science
Time series forecasting machine learning Python with hands-on experience,Data Science
proficient in AI deep learning CNN RNN models Python,Data Science
Python machine learning pandas numpy scikit-learn and practical implementation,Data Science
proficient in Time series forecasting machine learning Python,Data Science
Data analysis pandas numpy matplotlib visualization and practical implementation,Data Science
Deep learning TensorFlow Keras neural networks AI for real world applications,Data Science
AI deep learning CNN RNN models Python,Data Science
Time series forecasting machine learning Python for real world applications,Data Science
Statistics probability data science Python,Data Science
strong background in AI deep learning CNN RNN models Python,Data Science
strong background in NLP natural language processing text analysis Python,Data Science
Statistics probability data science Python for real world applications,Data Science
Data analysis pandas numpy matplotlib visualization for real world applications,Data Science
experienced in Statistics probability data science Python,Data Science
Data analysis pandas numpy matplotlib visualization with hands-on experience,Data Science
skilled in Time series forecasting machine learning Python,Data Science
skilled in Data analysis pandas numpy matplotlib visualization,Data Science
Data visualization Tableau Power BI analytics,Data Science
Big data Hadoop Spark data engineering and practical implementation,Data Science
Deep learning TensorFlow Keras neural networks AI,Data Science
Deep learning TensorFlow Keras neural networks AI and practical implementation,Data Science
AI deep learning CNN RNN models Python with hands-on experience,Data Science
skilled in Data scientist feature engineering predictive modeling,Data Science
skilled in AI deep learning CNN RNN models Python,Data Science
proficient in Python machine learning pandas numpy scikit-learn,Data Science
strong background in Big data Hadoop Spark data engineering,Data Science
proficient in Data scientist feature engineering predictive modeling,Data Science
Statistics probability data science Python with hands-on experience,Data Science
Deep learning TensorFlow Keras neural networks AI with hands-on experience,Data Science
Statistics probability data science Python and practical implementation,Data Science
Data scientist feature engineering predictive modeling with hands-on experience,Data Science
experienced in Deep learning TensorFlow Keras neural networks AI,Data Science
NLP natural language processing text analysis Python and practical implementation,Data Science
Data scientist feature engineering predictive modeling for real world applications,Data Science
skilled in Deep learning TensorFlow Keras neural networks AI,Data Science
strong background in Python machine learning pandas numpy scikit-learn,Data Science
Python machine learning pandas numpy scikit-learn with hands-on experience,Data Science
experienced in NLP natural language processing text analysis Python,Data Science
experienced in Data scientist feature engineering predictive modeling,Data Science
Python machine learning pandas numpy scikit-learn,Data Science
skilled in Python machine learning pandas numpy scikit-learn,Data Science
strong background in Time series forecasting machine learning Python,Data Science
Data visualization Tableau Power BI analytics for real world applications,Data Science
strong background in Data scientist feature engineering predictive modeling,Data Science
proficient in Data analysis pandas numpy matplotlib visualization,Data Science
NLP natural language processing text analysis Python for real world applications,Data Science
strong background in Deep learning TensorFlow Keras neural networks AI,Data Science
experienced in Data visualization Tableau Power BI analytics,Data Science
Data scientist feature engineering predictive modeling and practical implementation,Data Science
Big data Hadoop Spark data engineering for real world applications,Data Science
Time series forecasting machine learning Python,Data Science
Big data Hadoop Spark data engineering with hands-on experience,Data Science
Data visualization Tableau Power BI analytics with hands-on experience,Data Science
proficient in NLP natural language processing text analysis Python,Data Science
experienced in Python machine learning pandas numpy scikit-learn,Data Science
NLP natural language processing text analysis Python with hands-on experience,Data Science
Data scientist feature engineering predictive modeling,Data Science
strong background in Statistics probability data science Python,Data Science
proficient in Statistics probability data science Python,Data Science
Data visualization Tableau Power BI analytics and practical implementation,Data Science



Big data spark hadoop data processing pipelines and practical implementation,Data Scientist
experienced in Data exploration visualization python,Data Scientist
experienced in Python data analysis pandas numpy statistics,Data Scientist
skilled in Data visualization matplotlib seaborn analytics python,Data Scientist
experienced in Feature engineering data preprocessing python,Data Scientist
strong background in Predictive modeling regression classification python,Data Scientist
Data exploration visualization python for real world applications,Data Scientist
strong background in Time series forecasting data science python,Data Scientist
experienced in Data visualization matplotlib seaborn analytics python,Data Scientist
skilled in Statistics probability data science python modeling,Data Scientist
proficient in Data modeling analysis python,Data Scientist
proficient in Data analysis reporting python,Data Scientist
Machine learning data analysis python pandas and practical implementation,Data Scientist
strong background in Data science python scikit-learn modeling,Data Scientist
Statistics probability data science python modeling with hands-on experience,Data Scientist
experienced in Predictive modeling regression classification python,Data Scientist
experienced in Data science predictive analytics python,Data Scientist
Data science pipeline python,Data Scientist
proficient in Python pandas numpy machine learning data analysis,Data Scientist
Data preprocessing feature engineering model building python with hands-on experience,Data Scientist
strong background in Data visualization dashboards matplotlib seaborn,Data Scientist
Statistical analysis hypothesis testing python,Data Scientist
Predictive modeling regression classification python for real world applications,Data Scientist
experienced in Time series forecasting data science python,Data Scientist
Data science workflow modeling evaluation python,Data Scientist
proficient in Data cleaning analysis python,Data Scientist
experienced in Data exploration pandas numpy,Data Scientist
Data cleaning preprocessing pandas numpy python with hands-on experience,Data Scientist
skilled in Data analysis reporting python,Data Scientist
proficient in Statistics probability data science python modeling,Data Scientist
proficient in Data mining analysis python,Data Scientist
Data science techniques python,Data Scientist
Data cleaning analysis python with hands-on experience,Data Scientist
Data science workflow modeling evaluation python with hands-on experience,Data Scientist
Data science predictive analytics python,Data Scientist
Data analytics python pandas,Data Scientist
experienced in Data science workflow modeling evaluation python,Data Scientist
skilled in Data science techniques python,Data Scientist
Data science statistical modeling python and practical implementation,Data Scientist
strong background in Data analysis python numpy pandas,Data Scientist
Statistical analysis hypothesis testing python with hands-on experience,Data Scientist
experienced in Data wrangling pandas numpy python,Data Scientist
Feature engineering data preprocessing python and practical implementation,Data Scientist
Data science predictive analytics python with hands-on experience,Data Scientist
Data mining analysis python with hands-on experience,Data Scientist
proficient in Big data spark hadoop data processing pipelines,Data Scientist
Data analytics python pandas and practical implementation,Data Scientist
strong background in Python pandas numpy machine learning data analysis,Data Scientist
strong background in Data wrangling pandas numpy python,Data Scientist
proficient in Data science predictive analytics python,Data Scientist
strong background in Data science workflow modeling evaluation python,Data Scientist
Data visualization dashboards matplotlib seaborn for real world applications,Data Scientist
Data analysis python numpy pandas for real world applications,Data Scientist
strong background in Feature engineering data preprocessing python,Data Scientist
Statistics probability data science python modeling for real world applications,Data Scientist
Data science python scikit-learn modeling for real world applications,Data Scientist
skilled in Data science project modeling python,Data Scientist
Data science statistical modeling python for real world applications,Data Scientist
Python pandas numpy machine learning data analysis,Data Scientist
Time series forecasting data science python,Data Scientist
Data visualization matplotlib seaborn analytics python for real world applications,Data Scientist
Data modeling analysis python and practical implementation,Data Scientist
Data exploration visualization python and practical implementation,Data Scientist
skilled in Python pandas numpy machine learning data analysis,Data Scientist
strong background in Big data spark hadoop data processing pipelines,Data Scientist
Data analysis visualization python with hands-on experience,Data Scientist
Big data spark hadoop data processing pipelines with hands-on experience,Data Scientist
skilled in Data exploration visualization python,Data Scientist
skilled in Data science pipeline python,Data Scientist
Python pandas numpy machine learning data analysis for real world applications,Data Scientist
Data science project modeling python and practical implementation,Data Scientist
proficient in Feature engineering data preprocessing python,Data Scientist
Data preprocessing feature engineering model building python,Data Scientist
strong background in Data science statistical modeling python,Data Scientist
Data mining analysis python and practical implementation,Data Scientist
Time series forecasting data science python for real world applications,Data Scientist
skilled in Big data spark hadoop data processing pipelines,Data Scientist
experienced in Data science pipeline python,Data Scientist
experienced in Data cleaning analysis python,Data Scientist
Data analysis reporting python with hands-on experience,Data Scientist
proficient in Data science workflow modeling evaluation python,Data Scientist
skilled in Data analysis visualization python,Data Scientist
Data science techniques python and practical implementation,Data Scientist
Python data analysis pandas numpy statistics and practical implementation,Data Scientist
skilled in Data visualization dashboards matplotlib seaborn,Data Scientist
Data analysis visualization python and practical implementation,Data Scientist
proficient in Data analysis visualization python,Data Scientist
proficient in Data exploration pandas numpy,Data Scientist
Data analysis machine learning python for real world applications,Data Scientist
skilled in Python data analysis pandas numpy statistics,Data Scientist
experienced in Data science statistical modeling python,Data Scientist
skilled in Feature engineering data preprocessing python,Data Scientist
Data science project modeling python with hands-on experience,Data Scientist
strong background in Data visualization matplotlib seaborn analytics python,Data Scientist
strong background in Data science project modeling python,Data Scientist
Data visualization matplotlib seaborn analytics python with hands-on experience,Data Scientist
Time series forecasting data science python and practical implementation,Data Scientist
proficient in Exploratory data analysis visualization python,Data Scientist
Data analysis python numpy pandas,Data Scientist
experienced in Data science project modeling python,Data Scientist
Data science python scikit-learn modeling with hands-on experience,Data Scientist
experienced in Statistics probability data science python modeling,Data Scientist
Exploratory data analysis visualization python for real world applications,Data Scientist
skilled in Data science predictive analytics python,Data Scientist
Data processing cleaning python pandas,Data Scientist
experienced in Data mining analysis python,Data Scientist
Data analysis reporting python and practical implementation,Data Scientist
Python data analysis pandas numpy statistics for real world applications,Data Scientist
strong background in Statistics probability data science python modeling,Data Scientist
Data science python scikit-learn modeling and practical implementation,Data Scientist
proficient in Time series forecasting data science python,Data Scientist
Statistical analysis hypothesis testing python for real world applications,Data Scientist
experienced in Data cleaning preprocessing pandas numpy python,Data Scientist
experienced in Big data spark hadoop data processing pipelines,Data Scientist
Data analysis machine learning python,Data Scientist
skilled in Exploratory data analysis visualization python,Data Scientist
strong background in Data cleaning preprocessing pandas numpy python,Data Scientist
Exploratory data analysis visualization python,Data Scientist
skilled in Data analysis machine learning python,Data Scientist
Data visualization dashboards matplotlib seaborn,Data Scientist
Data analysis visualization python,Data Scientist
Data cleaning preprocessing pandas numpy python for real world applications,Data Scientist
Data science workflow modeling evaluation python and practical implementation,Data Scientist
strong background in Data science predictive analytics python,Data Scientist
experienced in Data analytics python pandas,Data Scientist
strong background in Data science techniques python,Data Scientist
proficient in Data science pipeline python,Data Scientist
proficient in Data science techniques python,Data Scientist
experienced in Data analysis python numpy pandas,Data Scientist
proficient in Predictive modeling regression classification python,Data Scientist
strong background in Statistical analysis hypothesis testing python,Data Scientist
Data visualization dashboards matplotlib seaborn with hands-on experience,Data Scientist
Data science pipeline python and practical implementation,Data Scientist
Data cleaning analysis python and practical implementation,Data Scientist
Data wrangling pandas numpy python for real world applications,Data Scientist
Predictive modeling regression classification python,Data Scientist
Data analysis visualization python for real world applications,Data Scientist
Big data spark hadoop data processing pipelines for real world applications,Data Scientist
experienced in Machine learning data analysis python pandas,Data Scientist
Data science python scikit-learn modeling,Data Scientist
skilled in Data wrangling pandas numpy python,Data Scientist
proficient in Data visualization dashboards matplotlib seaborn,Data Scientist
proficient in Data visualization matplotlib seaborn analytics python,Data Scientist
skilled in Machine learning data analysis python pandas,Data Scientist
Data processing cleaning python pandas and practical implementation,Data Scientist
proficient in Data science python scikit-learn modeling,Data Scientist
proficient in Data cleaning preprocessing pandas numpy python,Data Scientist
Feature engineering data preprocessing python for real world applications,Data Scientist
experienced in Data analysis reporting python,Data Scientist
skilled in Data science workflow modeling evaluation python,Data Scientist
proficient in Data processing cleaning python pandas,Data Scientist
skilled in Data cleaning analysis python,Data Scientist
experienced in Data science python scikit-learn modeling,Data Scientist
Data exploration pandas numpy and practical implementation,Data Scientist
Data exploration pandas numpy with hands-on experience,Data Scientist
skilled in Time series forecasting data science python,Data Scientist
Data science workflow modeling evaluation python for real world applications,Data Scientist
skilled in Data analytics python pandas,Data Scientist
Data exploration visualization python with hands-on experience,Data Scientist
Data wrangling pandas numpy python and practical implementation,Data Scientist
Data modeling analysis python for real world applications,Data Scientist
Data science project modeling python,Data Scientist
Data exploration pandas numpy for real world applications,Data Scientist
Data processing cleaning python pandas for real world applications,Data Scientist
Data preprocessing feature engineering model building python for real world applications,Data Scientist
Data analytics python pandas with hands-on experience,Data Scientist
Data preprocessing feature engineering model building python and practical implementation,Data Scientist
skilled in Data processing cleaning python pandas,Data Scientist
Python data analysis pandas numpy statistics with hands-on experience,Data Scientist
skilled in Data modeling analysis python,Data Scientist
experienced in Data visualization dashboards matplotlib seaborn,Data Scientist
Data mining analysis python for real world applications,Data Scientist
Python pandas numpy machine learning data analysis and practical implementation,Data Scientist
skilled in Predictive modeling regression classification python,Data Scientist
Machine learning data analysis python pandas for real world applications,Data Scientist
experienced in Data science techniques python,Data Scientist
Data exploration pandas numpy,Data Scientist
Data analysis machine learning python and practical implementation,Data Scientist
Time series forecasting data science python with hands-on experience,Data Scientist
skilled in Statistical analysis hypothesis testing python,Data Scientist
Python pandas numpy machine learning data analysis with hands-on experience,Data Scientist
strong background in Data processing cleaning python pandas,Data Scientist
skilled in Data cleaning preprocessing pandas numpy python,Data Scientist
proficient in Data science statistical modeling python,Data Scientist
skilled in Data science python scikit-learn modeling,Data Scientist
proficient in Statistical analysis hypothesis testing python,Data Scientist
experienced in Python pandas numpy machine learning data analysis,Data Scientist
strong background in Data exploration visualization python,Data Scientist
Data processing cleaning python pandas with hands-on experience,Data Scientist
Data science statistical modeling python,Data Scientist
Data modeling analysis python,Data Scientist
strong background in Data preprocessing feature engineering model building python,Data Scientist
Exploratory data analysis visualization python and practical implementation,Data Scientist
Data analysis python numpy pandas and practical implementation,Data Scientist
skilled in Data science statistical modeling python,Data Scientist
proficient in Python data analysis pandas numpy statistics,Data Scientist
Big data spark hadoop data processing pipelines,Data Scientist
Data cleaning preprocessing pandas numpy python and practical implementation,Data Scientist
Predictive modeling regression classification python and practical implementation,Data Scientist
skilled in Data exploration pandas numpy,Data Scientist
strong background in Data analysis machine learning python,Data Scientist
Data science techniques python with hands-on experience,Data Scientist
proficient in Data wrangling pandas numpy python,Data Scientist
Predictive modeling regression classification python with hands-on experience,Data Scientist
strong background in Machine learning data analysis python pandas,Data Scientist
strong background in Data science pipeline python,Data Scientist
Python data analysis pandas numpy statistics,Data Scientist
Data wrangling pandas numpy python with hands-on experience,Data Scientist
proficient in Data analysis machine learning python,Data Scientist
Data science predictive analytics python and practical implementation,Data Scientist
Data mining analysis python,Data Scientist
strong background in Data mining analysis python,Data Scientist
Statistics probability data science python modeling,Data Scientist
Data analysis reporting python,Data Scientist
Statistics probability data science python modeling and practical implementation,Data Scientist
Statistical analysis hypothesis testing python and practical implementation,Data Scientist
strong background in Data exploration pandas numpy,Data Scientist
proficient in Data science project modeling python,Data Scientist
Data analysis python numpy pandas with hands-on experience,Data Scientist
strong background in Data analytics python pandas,Data Scientist
experienced in Data analysis machine learning python,Data Scientist
Data analysis reporting python for real world applications,Data Scientist
proficient in Data analysis python numpy pandas,Data Scientist
Data modeling analysis python with hands-on experience,Data Scientist
strong background in Data analysis reporting python,Data Scientist
Data science pipeline python for real world applications,Data Scientist
experienced in Data processing cleaning python pandas,Data Scientist
Data science techniques python for real world applications,Data Scientist
strong background in Data cleaning analysis python,Data Scientist
Data science project modeling python for real world applications,Data Scientist
skilled in Data mining analysis python,Data Scientist
strong background in Python data analysis pandas numpy statistics,Data Scientist
Data exploration visualization python,Data Scientist
experienced in Data modeling analysis python,Data Scientist
strong background in Exploratory data analysis visualization python,Data Scientist
experienced in Data preprocessing feature engineering model building python,Data Scientist
strong background in Data modeling analysis python,Data Scientist
Data wrangling pandas numpy python,Data Scientist
proficient in Machine learning data analysis python pandas,Data Scientist
proficient in Data analytics python pandas,Data Scientist
Data visualization matplotlib seaborn analytics python and practical implementation,Data Scientist
Feature engineering data preprocessing python,Data Scientist
Exploratory data analysis visualization python with hands-on experience,Data Scientist
experienced in Exploratory data analysis visualization python,Data Scientist
proficient in Data preprocessing feature engineering model building python,Data Scientist
Machine learning data analysis python pandas with hands-on experience,Data Scientist
Data visualization matplotlib seaborn analytics python,Data Scientist
Machine learning data analysis python pandas,Data Scientist
Data analysis machine learning python with hands-on experience,Data Scientist
Data science pipeline python with hands-on experience,Data Scientist
Data visualization dashboards matplotlib seaborn and practical implementation,Data Scientist
strong background in Data analysis visualization python,Data Scientist
Data analytics python pandas for real world applications,Data Scientist
Data science statistical modeling python with hands-on experience,Data Scientist
experienced in Data analysis visualization python,Data Scientist
skilled in Data analysis python numpy pandas,Data Scientist




experienced in Database performance monitoring tuning SQL,Database Administrator
Database design schema normalization SQL,Database Administrator
experienced in SQL database management MySQL PostgreSQL DBA,Database Administrator
Database performance monitoring tuning SQL for real world applications,Database Administrator
experienced in Database maintenance backup restore SQL,Database Administrator
Database performance monitoring tuning SQL and practical implementation,Database Administrator
Database maintenance backup restore SQL for real world applications,Database Administrator
strong background in Database tuning optimization indexing queries,Database Administrator
experienced in Database tuning optimization indexing queries,Database Administrator
proficient in Database tuning optimization indexing queries,Database Administrator
skilled in Database backup recovery management SQL server,Database Administrator
Database maintenance backup restore SQL,Database Administrator
Database backup recovery management SQL server with hands-on experience,Database Administrator
Database security user roles permissions and practical implementation,Database Administrator
proficient in Database design schema normalization SQL,Database Administrator
SQL database management MySQL PostgreSQL DBA and practical implementation,Database Administrator
Oracle database administration SQL tuning,Database Administrator
strong background in Database security user roles permissions,Database Administrator
proficient in Database backup recovery management SQL server,Database Administrator
Database security user roles permissions for real world applications,Database Administrator
proficient in Database clustering replication SQL systems,Database Administrator
Database clustering replication SQL systems,Database Administrator
Database clustering replication SQL systems for real world applications,Database Administrator
experienced in Database backup recovery management SQL server,Database Administrator
strong background in Database backup recovery management SQL server,Database Administrator
experienced in Database migration SQL data transfer,Database Administrator
Database migration SQL data transfer,Database Administrator
proficient in Database security user roles permissions,Database Administrator
Oracle database administration SQL tuning and practical implementation,Database Administrator
skilled in Oracle database administration SQL tuning,Database Administrator
Database clustering replication SQL systems and practical implementation,Database Administrator
skilled in SQL database management MySQL PostgreSQL DBA,Database Administrator
skilled in Database migration SQL data transfer,Database Administrator
Database performance monitoring tuning SQL with hands-on experience,Database Administrator
Database migration SQL data transfer with hands-on experience,Database Administrator
Database migration SQL data transfer and practical implementation,Database Administrator
Database backup recovery management SQL server and practical implementation,Database Administrator
skilled in Database clustering replication SQL systems,Database Administrator
proficient in Database performance monitoring tuning SQL,Database Administrator
Database maintenance backup restore SQL with hands-on experience,Database Administrator
Database maintenance backup restore SQL and practical implementation,Database Administrator
strong background in Database design schema normalization SQL,Database Administrator
strong background in Database clustering replication SQL systems,Database Administrator
Database security user roles permissions,Database Administrator
Database clustering replication SQL systems with hands-on experience,Database Administrator
experienced in Database security user roles permissions,Database Administrator
Oracle database administration SQL tuning with hands-on experience,Database Administrator
Oracle database administration SQL tuning for real world applications,Database Administrator
Database design schema normalization SQL with hands-on experience,Database Administrator
experienced in Database clustering replication SQL systems,Database Administrator
experienced in Oracle database administration SQL tuning,Database Administrator
skilled in Database security user roles permissions,Database Administrator
proficient in Oracle database administration SQL tuning,Database Administrator
strong background in SQL database management MySQL PostgreSQL DBA,Database Administrator
Database tuning optimization indexing queries,Database Administrator
Database performance monitoring tuning SQL,Database Administrator
proficient in Database migration SQL data transfer,Database Administrator
experienced in Database design schema normalization SQL,Database Administrator
skilled in Database maintenance backup restore SQL,Database Administrator
Database design schema normalization SQL for real world applications,Database Administrator
SQL database management MySQL PostgreSQL DBA with hands-on experience,Database Administrator
Database tuning optimization indexing queries for real world applications,Database Administrator
Database tuning optimization indexing queries and practical implementation,Database Administrator
strong background in Database maintenance backup restore SQL,Database Administrator
Database security user roles permissions with hands-on experience,Database Administrator
skilled in Database tuning optimization indexing queries,Database Administrator
Database design schema normalization SQL and practical implementation,Database Administrator
strong background in Database migration SQL data transfer,Database Administrator
proficient in Database maintenance backup restore SQL,Database Administrator
Database backup recovery management SQL server,Database Administrator
strong background in Database performance monitoring tuning SQL,Database Administrator
skilled in Database performance monitoring tuning SQL,Database Administrator
Database tuning optimization indexing queries with hands-on experience,Database Administrator
Database migration SQL data transfer for real world applications,Database Administrator
proficient in SQL database management MySQL PostgreSQL DBA,Database Administrator
strong background in Oracle database administration SQL tuning,Database Administrator



AWS cloud infrastructure DevOps automation for real world applications,DevOps
CI CD GitHub Actions deployment automation with hands-on experience,DevOps
strong background in Linux shell scripting DevOps automation,DevOps
proficient in Linux shell scripting DevOps automation,DevOps
skilled in Linux shell scripting DevOps automation,DevOps
Cloud DevOps AWS Azure GCP pipelines for real world applications,DevOps
experienced in Infrastructure automation Ansible Terraform DevOps,DevOps
Infrastructure automation Ansible Terraform DevOps and practical implementation,DevOps
experienced in Jenkins CI CD pipelines automation deployment,DevOps
Linux shell scripting DevOps automation and practical implementation,DevOps
skilled in AWS cloud infrastructure DevOps automation,DevOps
strong background in Monitoring logging DevOps pipelines tools,DevOps
Monitoring logging DevOps pipelines tools,DevOps
strong background in Infrastructure automation Ansible Terraform DevOps,DevOps
Linux shell scripting DevOps automation for real world applications,DevOps
Terraform infrastructure as code automation and practical implementation,DevOps
proficient in Docker containerization Kubernetes orchestration DevOps,DevOps
Docker Kubernetes Helm DevOps engineer,DevOps
Cloud DevOps AWS Azure GCP pipelines,DevOps
Monitoring logging DevOps pipelines tools and practical implementation,DevOps
Docker Kubernetes Helm DevOps engineer and practical implementation,DevOps
skilled in CI CD GitHub Actions deployment automation,DevOps
Docker containerization Kubernetes orchestration DevOps and practical implementation,DevOps
experienced in Docker containerization Kubernetes orchestration DevOps,DevOps
skilled in Monitoring logging DevOps pipelines tools,DevOps
Terraform infrastructure as code automation for real world applications,DevOps
strong background in CI CD GitHub Actions deployment automation,DevOps
skilled in Docker containerization Kubernetes orchestration DevOps,DevOps
experienced in Linux shell scripting DevOps automation,DevOps
strong background in Docker Kubernetes Helm DevOps engineer,DevOps
proficient in Monitoring logging DevOps pipelines tools,DevOps
experienced in Terraform infrastructure as code automation,DevOps
strong background in Cloud DevOps AWS Azure GCP pipelines,DevOps
proficient in Jenkins CI CD pipelines automation deployment,DevOps
Monitoring logging DevOps pipelines tools with hands-on experience,DevOps
Infrastructure automation Ansible Terraform DevOps for real world applications,DevOps
strong background in AWS cloud infrastructure DevOps automation,DevOps
Docker Kubernetes Helm DevOps engineer for real world applications,DevOps
skilled in Cloud DevOps AWS Azure GCP pipelines,DevOps
strong background in Terraform infrastructure as code automation,DevOps
Jenkins CI CD pipelines automation deployment,DevOps
experienced in CI CD GitHub Actions deployment automation,DevOps
proficient in Docker Kubernetes Helm DevOps engineer,DevOps
experienced in AWS cloud infrastructure DevOps automation,DevOps
skilled in Infrastructure automation Ansible Terraform DevOps,DevOps
CI CD GitHub Actions deployment automation,DevOps
Cloud DevOps AWS Azure GCP pipelines with hands-on experience,DevOps
strong background in Docker containerization Kubernetes orchestration DevOps,DevOps
proficient in Terraform infrastructure as code automation,DevOps
Docker containerization Kubernetes orchestration DevOps for real world applications,DevOps
CI CD GitHub Actions deployment automation for real world applications,DevOps
Jenkins CI CD pipelines automation deployment with hands-on experience,DevOps
Docker Kubernetes Helm DevOps engineer with hands-on experience,DevOps
Terraform infrastructure as code automation,DevOps
proficient in Infrastructure automation Ansible Terraform DevOps,DevOps
Linux shell scripting DevOps automation,DevOps
Jenkins CI CD pipelines automation deployment for real world applications,DevOps
Linux shell scripting DevOps automation with hands-on experience,DevOps
AWS cloud infrastructure DevOps automation and practical implementation,DevOps
Terraform infrastructure as code automation with hands-on experience,DevOps
proficient in AWS cloud infrastructure DevOps automation,DevOps
experienced in Monitoring logging DevOps pipelines tools,DevOps
skilled in Jenkins CI CD pipelines automation deployment,DevOps
CI CD GitHub Actions deployment automation and practical implementation,DevOps
Docker containerization Kubernetes orchestration DevOps with hands-on experience,DevOps
strong background in Jenkins CI CD pipelines automation deployment,DevOps
Cloud DevOps AWS Azure GCP pipelines and practical implementation,DevOps
AWS cloud infrastructure DevOps automation,DevOps
experienced in Cloud DevOps AWS Azure GCP pipelines,DevOps
Infrastructure automation Ansible Terraform DevOps with hands-on experience,DevOps
Jenkins CI CD pipelines automation deployment and practical implementation,DevOps
AWS cloud infrastructure DevOps automation with hands-on experience,DevOps
skilled in Terraform infrastructure as code automation,DevOps
proficient in CI CD GitHub Actions deployment automation,DevOps
Monitoring logging DevOps pipelines tools for real world applications,DevOps
proficient in Cloud DevOps AWS Azure GCP pipelines,DevOps
Docker containerization Kubernetes orchestration DevOps,DevOps
skilled in Docker Kubernetes Helm DevOps engineer,DevOps




proficient in Content marketing SEO digital campaigns strategy,Digital Marketing
experienced in Digital advertising Google ads social campaigns,Digital Marketing
skilled in Google ads SEO SEM marketing analytics,Digital Marketing
Search engine optimization SEO keyword strategy for real world applications,Digital Marketing
proficient in Email marketing campaigns analytics digital marketing,Digital Marketing
Content marketing SEO digital campaigns strategy with hands-on experience,Digital Marketing
proficient in Marketing analytics SEO SEM digital campaigns,Digital Marketing
proficient in Search engine optimization SEO keyword strategy,Digital Marketing
Digital advertising Google ads social campaigns,Digital Marketing
experienced in Digital marketing analytics SEO SEM campaigns,Digital Marketing
Email marketing campaigns analytics digital marketing,Digital Marketing
Social media marketing campaigns digital strategy and practical implementation,Digital Marketing
experienced in Email marketing campaigns analytics digital marketing,Digital Marketing
experienced in Social media strategy content marketing campaigns,Digital Marketing
Social media strategy content marketing campaigns and practical implementation,Digital Marketing
Social media strategy content marketing campaigns with hands-on experience,Digital Marketing
SEO digital marketing content strategy analytics and practical implementation,Digital Marketing
Email marketing campaigns analytics digital marketing and practical implementation,Digital Marketing
Content marketing SEO digital campaigns strategy,Digital Marketing
strong background in Google ads SEO SEM marketing analytics,Digital Marketing
strong background in Marketing analytics SEO SEM digital campaigns,Digital Marketing
proficient in Digital marketing analytics SEO SEM campaigns,Digital Marketing
Marketing analytics SEO SEM digital campaigns with hands-on experience,Digital Marketing
strong background in Social media strategy content marketing campaigns,Digital Marketing
SEO digital marketing content strategy analytics,Digital Marketing
skilled in Content marketing SEO digital campaigns strategy,Digital Marketing
Content marketing SEO digital campaigns strategy and practical implementation,Digital Marketing
Digital marketing analytics SEO SEM campaigns with hands-on experience,Digital Marketing
Social media marketing campaigns digital strategy,Digital Marketing
strong background in Content marketing SEO digital campaigns strategy,Digital Marketing
Email marketing campaigns analytics digital marketing with hands-on experience,Digital Marketing
Google ads SEO SEM marketing analytics with hands-on experience,Digital Marketing
Social media marketing campaigns digital strategy for real world applications,Digital Marketing
Social media strategy content marketing campaigns,Digital Marketing
SEO digital marketing content strategy analytics for real world applications,Digital Marketing
skilled in Digital advertising Google ads social campaigns,Digital Marketing
Digital advertising Google ads social campaigns and practical implementation,Digital Marketing
proficient in Social media strategy content marketing campaigns,Digital Marketing
experienced in Google ads SEO SEM marketing analytics,Digital Marketing
SEO digital marketing content strategy analytics with hands-on experience,Digital Marketing
strong background in SEO digital marketing content strategy analytics,Digital Marketing
skilled in Social media marketing campaigns digital strategy,Digital Marketing
Content marketing SEO digital campaigns strategy for real world applications,Digital Marketing
skilled in Search engine optimization SEO keyword strategy,Digital Marketing
strong background in Search engine optimization SEO keyword strategy,Digital Marketing
skilled in SEO digital marketing content strategy analytics,Digital Marketing
Social media strategy content marketing campaigns for real world applications,Digital Marketing
strong background in Email marketing campaigns analytics digital marketing,Digital Marketing
proficient in Social media marketing campaigns digital strategy,Digital Marketing
strong background in Social media marketing campaigns digital strategy,Digital Marketing
Marketing analytics SEO SEM digital campaigns for real world applications,Digital Marketing
Email marketing campaigns analytics digital marketing for real world applications,Digital Marketing
Search engine optimization SEO keyword strategy and practical implementation,Digital Marketing
skilled in Digital marketing analytics SEO SEM campaigns,Digital Marketing
Digital marketing analytics SEO SEM campaigns and practical implementation,Digital Marketing
Search engine optimization SEO keyword strategy with hands-on experience,Digital Marketing
Digital advertising Google ads social campaigns for real world applications,Digital Marketing
Digital advertising Google ads social campaigns with hands-on experience,Digital Marketing
Google ads SEO SEM marketing analytics for real world applications,Digital Marketing
Digital marketing analytics SEO SEM campaigns for real world applications,Digital Marketing
proficient in Google ads SEO SEM marketing analytics,Digital Marketing
Google ads SEO SEM marketing analytics,Digital Marketing
experienced in Marketing analytics SEO SEM digital campaigns,Digital Marketing
strong background in Digital advertising Google ads social campaigns,Digital Marketing
skilled in Email marketing campaigns analytics digital marketing,Digital Marketing
experienced in SEO digital marketing content strategy analytics,Digital Marketing
Social media marketing campaigns digital strategy with hands-on experience,Digital Marketing
strong background in Digital marketing analytics SEO SEM campaigns,Digital Marketing
Marketing analytics SEO SEM digital campaigns and practical implementation,Digital Marketing
proficient in Digital advertising Google ads social campaigns,Digital Marketing
skilled in Social media strategy content marketing campaigns,Digital Marketing
Google ads SEO SEM marketing analytics and practical implementation,Digital Marketing
proficient in SEO digital marketing content strategy analytics,Digital Marketing
Search engine optimization SEO keyword strategy,Digital Marketing
skilled in Marketing analytics SEO SEM digital campaigns,Digital Marketing



Embedded hardware software integration systems for real world applications,Embedded Systems Engineer
IoT systems embedded devices programming and practical implementation,Embedded Systems Engineer
strong background in Embedded systems microcontrollers C programming,Embedded Systems Engineer
Embedded systems real time operating systems for real world applications,Embedded Systems Engineer
proficient in Embedded hardware software integration systems,Embedded Systems Engineer
strong background in IoT systems embedded devices programming,Embedded Systems Engineer
Arduino Raspberry Pi embedded systems projects with hands-on experience,Embedded Systems Engineer
strong background in Arduino Raspberry Pi embedded systems projects,Embedded Systems Engineer
strong background in Embedded systems firmware development C,Embedded Systems Engineer
experienced in IoT systems embedded devices programming,Embedded Systems Engineer
Embedded systems debugging firmware development for real world applications,Embedded Systems Engineer
Embedded systems firmware development C,Embedded Systems Engineer
skilled in Microcontroller programming embedded systems design,Embedded Systems Engineer
IoT systems embedded devices programming with hands-on experience,Embedded Systems Engineer
skilled in Embedded hardware software integration systems,Embedded Systems Engineer
Embedded systems debugging firmware development with hands-on experience,Embedded Systems Engineer
proficient in Embedded systems firmware development C,Embedded Systems Engineer
Embedded C microcontroller programming systems,Embedded Systems Engineer
proficient in Embedded systems real time operating systems,Embedded Systems Engineer
skilled in Embedded systems debugging firmware development,Embedded Systems Engineer
Embedded systems firmware development C for real world applications,Embedded Systems Engineer
Embedded hardware software integration systems with hands-on experience,Embedded Systems Engineer
Embedded hardware software integration systems,Embedded Systems Engineer
Embedded systems real time operating systems with hands-on experience,Embedded Systems Engineer
strong background in Embedded systems debugging firmware development,Embedded Systems Engineer
Embedded C microcontroller programming systems and practical implementation,Embedded Systems Engineer
proficient in Embedded C microcontroller programming systems,Embedded Systems Engineer
IoT embedded systems sensors microcontrollers for real world applications,Embedded Systems Engineer
experienced in Embedded systems firmware development C,Embedded Systems Engineer
skilled in Embedded systems firmware development C,Embedded Systems Engineer
skilled in Embedded systems real time operating systems,Embedded Systems Engineer
Embedded systems microcontrollers C programming for real world applications,Embedded Systems Engineer
IoT embedded systems sensors microcontrollers with hands-on experience,Embedded Systems Engineer
Microcontroller programming embedded systems design and practical implementation,Embedded Systems Engineer
Embedded C microcontroller programming systems with hands-on experience,Embedded Systems Engineer
Arduino Raspberry Pi embedded systems projects for real world applications,Embedded Systems Engineer
experienced in Embedded systems debugging firmware development,Embedded Systems Engineer
Embedded systems debugging firmware development,Embedded Systems Engineer
experienced in IoT embedded systems sensors microcontrollers,Embedded Systems Engineer
skilled in IoT systems embedded devices programming,Embedded Systems Engineer
skilled in Embedded C microcontroller programming systems,Embedded Systems Engineer
Embedded systems real time operating systems,Embedded Systems Engineer
proficient in Embedded systems microcontrollers C programming,Embedded Systems Engineer
strong background in Microcontroller programming embedded systems design,Embedded Systems Engineer
Arduino Raspberry Pi embedded systems projects,Embedded Systems Engineer
strong background in Embedded systems real time operating systems,Embedded Systems Engineer
experienced in Embedded hardware software integration systems,Embedded Systems Engineer
experienced in Embedded systems real time operating systems,Embedded Systems Engineer
strong background in Embedded hardware software integration systems,Embedded Systems Engineer
Embedded systems debugging firmware development and practical implementation,Embedded Systems Engineer
Microcontroller programming embedded systems design,Embedded Systems Engineer
IoT embedded systems sensors microcontrollers and practical implementation,Embedded Systems Engineer
Embedded systems microcontrollers C programming,Embedded Systems Engineer
Arduino Raspberry Pi embedded systems projects and practical implementation,Embedded Systems Engineer
Embedded systems firmware development C with hands-on experience,Embedded Systems Engineer
proficient in IoT systems embedded devices programming,Embedded Systems Engineer
Microcontroller programming embedded systems design for real world applications,Embedded Systems Engineer
Embedded hardware software integration systems and practical implementation,Embedded Systems Engineer
Embedded systems firmware development C and practical implementation,Embedded Systems Engineer
strong background in Embedded C microcontroller programming systems,Embedded Systems Engineer
experienced in Embedded systems microcontrollers C programming,Embedded Systems Engineer
Embedded systems microcontrollers C programming and practical implementation,Embedded Systems Engineer
strong background in IoT embedded systems sensors microcontrollers,Embedded Systems Engineer
proficient in Embedded systems debugging firmware development,Embedded Systems Engineer
Embedded systems real time operating systems and practical implementation,Embedded Systems Engineer
Microcontroller programming embedded systems design with hands-on experience,Embedded Systems Engineer
IoT embedded systems sensors microcontrollers,Embedded Systems Engineer
experienced in Microcontroller programming embedded systems design,Embedded Systems Engineer
proficient in Arduino Raspberry Pi embedded systems projects,Embedded Systems Engineer
skilled in IoT embedded systems sensors microcontrollers,Embedded Systems Engineer
Embedded C microcontroller programming systems for real world applications,Embedded Systems Engineer
proficient in Microcontroller programming embedded systems design,Embedded Systems Engineer
IoT systems embedded devices programming for real world applications,Embedded Systems Engineer
Embedded systems microcontrollers C programming with hands-on experience,Embedded Systems Engineer
experienced in Arduino Raspberry Pi embedded systems projects,Embedded Systems Engineer
experienced in Embedded C microcontroller programming systems,Embedded Systems Engineer
skilled in Embedded systems microcontrollers C programming,Embedded Systems Engineer




proficient in Finance reporting analysis investment planning,Finance Analyst
Finance analyst reporting forecasting financial data and practical implementation,Finance Analyst
proficient in Financial modeling analysis forecasting finance reports,Finance Analyst
strong background in Financial statements analysis reporting finance,Finance Analyst
experienced in Financial planning analysis forecasting budgeting,Finance Analyst
proficient in Financial planning analysis forecasting budgeting,Finance Analyst
proficient in Budgeting forecasting financial analysis reports,Finance Analyst
Financial analyst modeling forecasting budgeting with hands-on experience,Finance Analyst
skilled in Financial modeling analysis forecasting finance reports,Finance Analyst
skilled in Investment analysis financial planning budgeting,Finance Analyst
Financial analyst modeling forecasting budgeting and practical implementation,Finance Analyst
skilled in Financial planning analysis forecasting budgeting,Finance Analyst
proficient in Financial analyst modeling forecasting budgeting,Finance Analyst
Finance analyst reporting forecasting financial data with hands-on experience,Finance Analyst
Financial statements analysis reporting finance with hands-on experience,Finance Analyst
Finance analytics budgeting forecasting models for real world applications,Finance Analyst
Financial modeling analysis forecasting finance reports for real world applications,Finance Analyst
experienced in Finance analyst reporting forecasting financial data,Finance Analyst
Financial modeling analysis forecasting finance reports with hands-on experience,Finance Analyst
Investment analysis financial planning budgeting and practical implementation,Finance Analyst
Finance analyst reporting forecasting financial data,Finance Analyst
skilled in Budgeting forecasting financial analysis reports,Finance Analyst
experienced in Financial modeling analysis forecasting finance reports,Finance Analyst
skilled in Finance reporting analysis investment planning,Finance Analyst
experienced in Financial analysis budgeting forecasting finance,Finance Analyst
Finance analytics budgeting forecasting models,Finance Analyst
strong background in Finance reporting analysis investment planning,Finance Analyst
proficient in Finance analytics budgeting forecasting models,Finance Analyst
strong background in Financial modeling analysis forecasting finance reports,Finance Analyst
proficient in Investment analysis financial planning budgeting,Finance Analyst
skilled in Finance analytics budgeting forecasting models,Finance Analyst
strong background in Finance analyst reporting forecasting financial data,Finance Analyst
Financial analysis budgeting forecasting finance,Finance Analyst
Financial analyst modeling forecasting budgeting,Finance Analyst
Financial statements analysis reporting finance,Finance Analyst
experienced in Budgeting forecasting financial analysis reports,Finance Analyst
Financial planning analysis forecasting budgeting with hands-on experience,Finance Analyst
Finance reporting analysis investment planning for real world applications,Finance Analyst
Financial planning analysis forecasting budgeting,Finance Analyst
experienced in Financial statements analysis reporting finance,Finance Analyst
strong background in Investment analysis financial planning budgeting,Finance Analyst
Finance reporting analysis investment planning and practical implementation,Finance Analyst
experienced in Finance reporting analysis investment planning,Finance Analyst
Financial analysis budgeting forecasting finance with hands-on experience,Finance Analyst
skilled in Financial statements analysis reporting finance,Finance Analyst
Finance reporting analysis investment planning with hands-on experience,Finance Analyst
Finance reporting analysis investment planning,Finance Analyst
Financial planning analysis forecasting budgeting and practical implementation,Finance Analyst
Financial statements analysis reporting finance and practical implementation,Finance Analyst
Financial analysis budgeting forecasting finance for real world applications,Finance Analyst
Investment analysis financial planning budgeting for real world applications,Finance Analyst
Financial modeling analysis forecasting finance reports,Finance Analyst
skilled in Finance analyst reporting forecasting financial data,Finance Analyst
Finance analytics budgeting forecasting models with hands-on experience,Finance Analyst
skilled in Financial analysis budgeting forecasting finance,Finance Analyst
Budgeting forecasting financial analysis reports,Finance Analyst
strong background in Finance analytics budgeting forecasting models,Finance Analyst
strong background in Budgeting forecasting financial analysis reports,Finance Analyst
Investment analysis financial planning budgeting,Finance Analyst
Budgeting forecasting financial analysis reports and practical implementation,Finance Analyst
Financial planning analysis forecasting budgeting for real world applications,Finance Analyst
experienced in Finance analytics budgeting forecasting models,Finance Analyst
proficient in Financial statements analysis reporting finance,Finance Analyst
proficient in Financial analysis budgeting forecasting finance,Finance Analyst
Financial statements analysis reporting finance for real world applications,Finance Analyst
Financial analyst modeling forecasting budgeting for real world applications,Finance Analyst
Finance analyst reporting forecasting financial data for real world applications,Finance Analyst
Financial modeling analysis forecasting finance reports and practical implementation,Finance Analyst
Budgeting forecasting financial analysis reports with hands-on experience,Finance Analyst
strong background in Financial analyst modeling forecasting budgeting,Finance Analyst
Financial analysis budgeting forecasting finance and practical implementation,Finance Analyst
experienced in Financial analyst modeling forecasting budgeting,Finance Analyst
proficient in Finance analyst reporting forecasting financial data,Finance Analyst
Investment analysis financial planning budgeting with hands-on experience,Finance Analyst
experienced in Investment analysis financial planning budgeting,Finance Analyst
strong background in Financial planning analysis forecasting budgeting,Finance Analyst
Budgeting forecasting financial analysis reports for real world applications,Finance Analyst



strong background in Full stack developer REST APIs frontend UI,Full Stack Developer
Web development full stack frameworks,Full Stack Developer
Full stack MERN MongoDB Express React Node.js,Full Stack Developer
Node.js Express MongoDB full stack apps and practical implementation,Full Stack Developer
proficient in Django backend React frontend full stack,Full Stack Developer
skilled in Frontend HTML CSS JavaScript backend APIs,Full Stack Developer
skilled in Full stack engineering JavaScript frameworks,Full Stack Developer
skilled in Frontend React JavaScript backend Node.js APIs,Full Stack Developer
Full stack engineering JavaScript frameworks,Full Stack Developer
experienced in Full stack web APIs frontend backend,Full Stack Developer
Full stack web development REST API integration and practical implementation,Full Stack Developer
proficient in Frontend React JavaScript backend Node.js APIs,Full Stack Developer
experienced in Full stack deployment development web apps,Full Stack Developer
skilled in Frontend backend coding full stack developer,Full Stack Developer
Django React full stack web application development for real world applications,Full Stack Developer
Frontend backend coding full stack developer,Full Stack Developer
Full stack API development frontend backend with hands-on experience,Full Stack Developer
Node.js backend React frontend apps,Full Stack Developer
strong background in Full stack coding frontend backend apps,Full Stack Developer
Full stack application design development,Full Stack Developer
proficient in Frontend backend coding full stack developer,Full Stack Developer
Full stack web system development for real world applications,Full Stack Developer
experienced in Django React full stack web application development,Full Stack Developer
proficient in Full stack web system development,Full Stack Developer
experienced in Full stack web system development,Full Stack Developer
React Node full stack development projects for real world applications,Full Stack Developer
experienced in Node.js backend React frontend apps,Full Stack Developer
Flask React full stack API development and practical implementation,Full Stack Developer
MERN stack web development projects and practical implementation,Full Stack Developer
experienced in Full stack coding frontend backend apps,Full Stack Developer
proficient in Node.js Express MongoDB full stack apps,Full Stack Developer
Full stack application frontend backend integration and practical implementation,Full Stack Developer
Full stack web system development,Full Stack Developer
Full stack developer JavaScript React backend APIs and practical implementation,Full Stack Developer
Django backend React frontend full stack,Full Stack Developer
Full stack developer JavaScript React backend APIs,Full Stack Developer
Full stack application design development and practical implementation,Full Stack Developer
skilled in Full stack coding frontend backend apps,Full Stack Developer
React frontend Node backend development with hands-on experience,Full Stack Developer
Django React full stack web application development and practical implementation,Full Stack Developer
Full stack projects JavaScript frameworks,Full Stack Developer
Full stack web development REST API integration,Full Stack Developer
Flask React full stack API development with hands-on experience,Full Stack Developer
Full stack projects JavaScript frameworks with hands-on experience,Full Stack Developer
proficient in Full stack development projects APIs UI,Full Stack Developer
Full stack web apps deployment development for real world applications,Full Stack Developer
proficient in React frontend Node backend development,Full Stack Developer
MERN stack application development for real world applications,Full Stack Developer
React Redux Node.js full stack development with hands-on experience,Full Stack Developer
Full stack engineering JavaScript frameworks and practical implementation,Full Stack Developer
Full stack developer REST APIs frontend UI,Full Stack Developer
experienced in Full stack web development REST API integration,Full Stack Developer
MERN stack web development projects,Full Stack Developer
strong background in Full stack web development REST API integration,Full Stack Developer
Angular Node.js full stack application with hands-on experience,Full Stack Developer
MERN stack application development,Full Stack Developer
Frontend backend coding full stack developer and practical implementation,Full Stack Developer
Full stack application frontend backend integration for real world applications,Full Stack Developer
Full stack web APIs frontend backend and practical implementation,Full Stack Developer
Web application full stack development with hands-on experience,Full Stack Developer
Full stack deployment development web apps and practical implementation,Full Stack Developer
Full stack API development frontend backend for real world applications,Full Stack Developer
Full stack development JavaScript APIs,Full Stack Developer
Full stack web APIs frontend backend for real world applications,Full Stack Developer
skilled in Full stack development JavaScript APIs,Full Stack Developer
Web development full stack frameworks with hands-on experience,Full Stack Developer
Full stack web apps deployment development,Full Stack Developer
MERN stack application development with hands-on experience,Full Stack Developer
MERN stack web development projects for real world applications,Full Stack Developer
proficient in Web development full stack frameworks,Full Stack Developer
strong background in React frontend Node backend development,Full Stack Developer
strong background in Django backend React frontend full stack,Full Stack Developer
skilled in Full stack application design development,Full Stack Developer
Django backend React frontend full stack and practical implementation,Full Stack Developer
experienced in Full stack application frontend backend integration,Full Stack Developer
strong background in MERN stack application development,Full Stack Developer
skilled in Full stack application frontend backend integration,Full Stack Developer
Full stack development projects APIs UI for real world applications,Full Stack Developer
Node.js Express MongoDB full stack apps for real world applications,Full Stack Developer
MERN stack web development projects with hands-on experience,Full Stack Developer
proficient in MERN stack application development,Full Stack Developer
experienced in Full stack development JavaScript APIs,Full Stack Developer
experienced in Full stack development projects APIs UI,Full Stack Developer
proficient in Frontend HTML CSS JavaScript backend APIs,Full Stack Developer
strong background in React Redux Node.js full stack development,Full Stack Developer
Full stack MERN MongoDB Express React Node.js for real world applications,Full Stack Developer
Full stack web APIs frontend backend,Full Stack Developer
Full stack coding frontend backend apps and practical implementation,Full Stack Developer
strong background in Flask React full stack API development,Full Stack Developer
Full stack API development frontend backend,Full Stack Developer
proficient in Full stack engineering JavaScript frameworks,Full Stack Developer
strong background in Full stack developer JavaScript React backend APIs,Full Stack Developer
Full stack web apps deployment development with hands-on experience,Full Stack Developer
proficient in Full stack deployment development web apps,Full Stack Developer
React frontend Node backend development for real world applications,Full Stack Developer
Frontend React JavaScript backend Node.js APIs,Full Stack Developer
React Node full stack development projects,Full Stack Developer
Full stack development JavaScript APIs and practical implementation,Full Stack Developer
strong background in Full stack web apps deployment development,Full Stack Developer
Full stack web development REST API integration for real world applications,Full Stack Developer
proficient in Full stack API development frontend backend,Full Stack Developer
proficient in Full stack web APIs frontend backend,Full Stack Developer
Node.js Express MongoDB full stack apps,Full Stack Developer
Node.js backend React frontend apps with hands-on experience,Full Stack Developer
skilled in Node.js backend React frontend apps,Full Stack Developer
proficient in Node.js backend React frontend apps,Full Stack Developer
Frontend HTML CSS JavaScript backend APIs with hands-on experience,Full Stack Developer
strong background in Angular Node.js full stack application,Full Stack Developer
proficient in Full stack application design development,Full Stack Developer
Django React full stack web application development with hands-on experience,Full Stack Developer
Django React full stack web application development,Full Stack Developer
proficient in Full stack application frontend backend integration,Full Stack Developer
strong background in Full stack development projects APIs UI,Full Stack Developer
Web application full stack development for real world applications,Full Stack Developer
proficient in Full stack projects JavaScript frameworks,Full Stack Developer
skilled in Full stack development projects APIs UI,Full Stack Developer
experienced in Full stack web apps deployment development,Full Stack Developer
Web development full stack frameworks and practical implementation,Full Stack Developer
proficient in Full stack MERN MongoDB Express React Node.js,Full Stack Developer
Full stack MERN MongoDB Express React Node.js and practical implementation,Full Stack Developer
skilled in Frontend backend integration full stack apps,Full Stack Developer
Full stack deployment development web apps with hands-on experience,Full Stack Developer
Full stack MERN MongoDB Express React Node.js with hands-on experience,Full Stack Developer
strong background in Full stack API development frontend backend,Full Stack Developer
Full stack web system development and practical implementation,Full Stack Developer
strong background in Frontend backend coding full stack developer,Full Stack Developer
experienced in Django backend React frontend full stack,Full Stack Developer
strong background in Full stack projects JavaScript frameworks,Full Stack Developer
proficient in Full stack web apps deployment development,Full Stack Developer
strong background in Django React full stack web application development,Full Stack Developer
Full stack API development frontend backend and practical implementation,Full Stack Developer
React Redux Node.js full stack development for real world applications,Full Stack Developer
Full stack development projects APIs UI with hands-on experience,Full Stack Developer
Full stack developer JavaScript React backend APIs with hands-on experience,Full Stack Developer
Frontend React JavaScript backend Node.js APIs for real world applications,Full Stack Developer
skilled in React Redux Node.js full stack development,Full Stack Developer
experienced in Frontend backend coding full stack developer,Full Stack Developer
Full stack developer REST APIs frontend UI with hands-on experience,Full Stack Developer
strong background in Frontend HTML CSS JavaScript backend APIs,Full Stack Developer
strong background in Full stack web APIs frontend backend,Full Stack Developer
skilled in Full stack projects JavaScript frameworks,Full Stack Developer
experienced in Full stack developer REST APIs frontend UI,Full Stack Developer
experienced in Frontend HTML CSS JavaScript backend APIs,Full Stack Developer
experienced in MERN stack web development projects,Full Stack Developer
Full stack application design development with hands-on experience,Full Stack Developer
experienced in Frontend React JavaScript backend Node.js APIs,Full Stack Developer
skilled in React Node full stack development projects,Full Stack Developer
proficient in Full stack web development REST API integration,Full Stack Developer
Frontend React JavaScript backend Node.js APIs with hands-on experience,Full Stack Developer
Frontend backend coding full stack developer for real world applications,Full Stack Developer
experienced in React Redux Node.js full stack development,Full Stack Developer
Full stack coding frontend backend apps with hands-on experience,Full Stack Developer
skilled in Full stack web system development,Full Stack Developer
proficient in Django React full stack web application development,Full Stack Developer
Flask React full stack API development for real world applications,Full Stack Developer
proficient in Full stack developer JavaScript React backend APIs,Full Stack Developer
strong background in Full stack application design development,Full Stack Developer
skilled in Angular Node.js full stack application,Full Stack Developer
Flask React full stack API development,Full Stack Developer
experienced in Web application full stack development,Full Stack Developer
Django backend React frontend full stack with hands-on experience,Full Stack Developer
experienced in Web development full stack frameworks,Full Stack Developer
Full stack web development REST API integration with hands-on experience,Full Stack Developer
Full stack engineering JavaScript frameworks for real world applications,Full Stack Developer
skilled in Flask React full stack API development,Full Stack Developer
Frontend HTML CSS JavaScript backend APIs and practical implementation,Full Stack Developer
Full stack engineering JavaScript frameworks with hands-on experience,Full Stack Developer
experienced in Full stack application design development,Full Stack Developer
strong background in React Node full stack development projects,Full Stack Developer
React Redux Node.js full stack development and practical implementation,Full Stack Developer
Full stack development projects APIs UI and practical implementation,Full Stack Developer
Full stack developer REST APIs frontend UI and practical implementation,Full Stack Developer
proficient in Full stack developer REST APIs frontend UI,Full Stack Developer
Node.js backend React frontend apps and practical implementation,Full Stack Developer
Frontend HTML CSS JavaScript backend APIs,Full Stack Developer
React frontend Node backend development and practical implementation,Full Stack Developer
Full stack deployment development web apps for real world applications,Full Stack Developer
Frontend backend integration full stack apps with hands-on experience,Full Stack Developer
experienced in Full stack developer JavaScript React backend APIs,Full Stack Developer
experienced in Full stack engineering JavaScript frameworks,Full Stack Developer
Full stack application frontend backend integration with hands-on experience,Full Stack Developer
strong background in Node.js Express MongoDB full stack apps,Full Stack Developer
experienced in Full stack API development frontend backend,Full Stack Developer
experienced in MERN stack application development,Full Stack Developer
experienced in Node.js Express MongoDB full stack apps,Full Stack Developer
Full stack projects JavaScript frameworks for real world applications,Full Stack Developer
skilled in Full stack web apps deployment development,Full Stack Developer
Full stack application design development for real world applications,Full Stack Developer
strong background in Node.js backend React frontend apps,Full Stack Developer
skilled in Django React full stack web application development,Full Stack Developer
strong background in Full stack deployment development web apps,Full Stack Developer
proficient in React Redux Node.js full stack development,Full Stack Developer
Full stack developer JavaScript React backend APIs for real world applications,Full Stack Developer
proficient in Web application full stack development,Full Stack Developer
Full stack web APIs frontend backend with hands-on experience,Full Stack Developer
skilled in Node.js Express MongoDB full stack apps,Full Stack Developer
Full stack web system development with hands-on experience,Full Stack Developer
proficient in Flask React full stack API development,Full Stack Developer
Full stack development JavaScript APIs for real world applications,Full Stack Developer
skilled in Full stack API development frontend backend,Full Stack Developer
strong background in Web application full stack development,Full Stack Developer
Frontend backend coding full stack developer with hands-on experience,Full Stack Developer
Angular Node.js full stack application,Full Stack Developer
skilled in Full stack deployment development web apps,Full Stack Developer
Full stack coding frontend backend apps for real world applications,Full Stack Developer
Angular Node.js full stack application and practical implementation,Full Stack Developer
strong background in Full stack development JavaScript APIs,Full Stack Developer
experienced in React frontend Node backend development,Full Stack Developer
experienced in Frontend backend integration full stack apps,Full Stack Developer
Full stack deployment development web apps,Full Stack Developer
React Redux Node.js full stack development,Full Stack Developer
proficient in Full stack development JavaScript APIs,Full Stack Developer
Full stack coding frontend backend apps,Full Stack Developer
skilled in Web application full stack development,Full Stack Developer
proficient in React Node full stack development projects,Full Stack Developer
skilled in Django backend React frontend full stack,Full Stack Developer
Frontend backend integration full stack apps,Full Stack Developer
strong background in Full stack web system development,Full Stack Developer
strong background in Full stack application frontend backend integration,Full Stack Developer
Full stack development projects APIs UI,Full Stack Developer
skilled in MERN stack web development projects,Full Stack Developer
Django backend React frontend full stack for real world applications,Full Stack Developer
skilled in React frontend Node backend development,Full Stack Developer
strong background in Frontend React JavaScript backend Node.js APIs,Full Stack Developer
Full stack web apps deployment development and practical implementation,Full Stack Developer
React Node full stack development projects with hands-on experience,Full Stack Developer
strong background in Frontend backend integration full stack apps,Full Stack Developer
Web application full stack development,Full Stack Developer
Full stack developer REST APIs frontend UI for real world applications,Full Stack Developer
experienced in React Node full stack development projects,Full Stack Developer
experienced in Full stack projects JavaScript frameworks,Full Stack Developer
proficient in MERN stack web development projects,Full Stack Developer
proficient in Angular Node.js full stack application,Full Stack Developer
experienced in Full stack MERN MongoDB Express React Node.js,Full Stack Developer
experienced in Flask React full stack API development,Full Stack Developer
Angular Node.js full stack application for real world applications,Full Stack Developer
React Node full stack development projects and practical implementation,Full Stack Developer
Full stack application frontend backend integration,Full Stack Developer
proficient in Frontend backend integration full stack apps,Full Stack Developer
React frontend Node backend development,Full Stack Developer
strong background in Web development full stack frameworks,Full Stack Developer
strong background in Full stack MERN MongoDB Express React Node.js,Full Stack Developer
Frontend backend integration full stack apps for real world applications,Full Stack Developer
Web application full stack development and practical implementation,Full Stack Developer
Web development full stack frameworks for real world applications,Full Stack Developer
skilled in Full stack developer REST APIs frontend UI,Full Stack Developer
Frontend HTML CSS JavaScript backend APIs for real world applications,Full Stack Developer
Node.js Express MongoDB full stack apps with hands-on experience,Full Stack Developer
skilled in Full stack developer JavaScript React backend APIs,Full Stack Developer
Full stack development JavaScript APIs with hands-on experience,Full Stack Developer
Full stack projects JavaScript frameworks and practical implementation,Full Stack Developer
skilled in Full stack web development REST API integration,Full Stack Developer
skilled in MERN stack application development,Full Stack Developer
strong background in Full stack engineering JavaScript frameworks,Full Stack Developer
skilled in Web development full stack frameworks,Full Stack Developer
experienced in Angular Node.js full stack application,Full Stack Developer
MERN stack application development and practical implementation,Full Stack Developer
proficient in Full stack coding frontend backend apps,Full Stack Developer
Node.js backend React frontend apps for real world applications,Full Stack Developer



Game physics programming C++ Unity engine,Game Developer
proficient in Game developer Unity scripting C#,Game Developer
Game development Unity C# game design with hands-on experience,Game Developer
Mobile game development Unity Android games and practical implementation,Game Developer
skilled in Mobile game development Unity Android games,Game Developer
proficient in Mobile game development Unity Android games,Game Developer
strong background in Game developer Unity scripting C#,Game Developer
skilled in Game development multiplayer systems Unity,Game Developer
proficient in Game programming C++ Unreal Engine,Game Developer
strong background in Game development Unity C# game design,Game Developer
Game development multiplayer systems Unity for real world applications,Game Developer
2D 3D game development Unity engine with hands-on experience,Game Developer
Game development Unity C# game design and practical implementation,Game Developer
experienced in Game design mechanics Unity C# development,Game Developer
Game developer Unity scripting C# with hands-on experience,Game Developer
Game engine development C++ graphics programming with hands-on experience,Game Developer
proficient in 2D 3D game development Unity engine,Game Developer
Game development graphics animation Unity and practical implementation,Game Developer
Game design mechanics Unity C# development for real world applications,Game Developer
strong background in Game development multiplayer systems Unity,Game Developer
strong background in Mobile game development Unity Android games,Game Developer
Mobile game development Unity Android games with hands-on experience,Game Developer
Game programming C++ Unreal Engine for real world applications,Game Developer
2D 3D game development Unity engine for real world applications,Game Developer
strong background in Game physics programming C++ Unity engine,Game Developer
experienced in Game development graphics animation Unity,Game Developer
experienced in Game engine development C++ graphics programming,Game Developer
experienced in Game development Unity C# game design,Game Developer
Mobile game development Unity Android games,Game Developer
Game engine development C++ graphics programming for real world applications,Game Developer
proficient in Game engine development C++ graphics programming,Game Developer
Game development multiplayer systems Unity,Game Developer
Game programming C++ Unreal Engine and practical implementation,Game Developer
Game programming C++ Unreal Engine with hands-on experience,Game Developer
strong background in 2D 3D game development Unity engine,Game Developer
Game developer Unity scripting C# for real world applications,Game Developer
proficient in Game physics programming C++ Unity engine,Game Developer
Game programming C++ Unreal Engine,Game Developer
Game development multiplayer systems Unity with hands-on experience,Game Developer
experienced in Game physics programming C++ Unity engine,Game Developer
strong background in Game design mechanics Unity C# development,Game Developer
Game physics programming C++ Unity engine with hands-on experience,Game Developer
Game design mechanics Unity C# development,Game Developer
Game physics programming C++ Unity engine for real world applications,Game Developer
strong background in Game programming C++ Unreal Engine,Game Developer
skilled in Game development graphics animation Unity,Game Developer
Game development multiplayer systems Unity and practical implementation,Game Developer
Game engine development C++ graphics programming,Game Developer
2D 3D game development Unity engine,Game Developer
proficient in Game development graphics animation Unity,Game Developer
Game developer Unity scripting C# and practical implementation,Game Developer
skilled in Game programming C++ Unreal Engine,Game Developer
experienced in Game developer Unity scripting C#,Game Developer
experienced in Game development multiplayer systems Unity,Game Developer
skilled in Game design mechanics Unity C# development,Game Developer
Game developer Unity scripting C#,Game Developer
skilled in Game engine development C++ graphics programming,Game Developer
experienced in 2D 3D game development Unity engine,Game Developer
Game development Unity C# game design,Game Developer
strong background in Game engine development C++ graphics programming,Game Developer
experienced in Mobile game development Unity Android games,Game Developer
skilled in Game development Unity C# game design,Game Developer
skilled in Game physics programming C++ Unity engine,Game Developer
2D 3D game development Unity engine and practical implementation,Game Developer
Game design mechanics Unity C# development with hands-on experience,Game Developer
proficient in Game design mechanics Unity C# development,Game Developer
strong background in Game development graphics animation Unity,Game Developer
Game physics programming C++ Unity engine and practical implementation,Game Developer
Game design mechanics Unity C# development and practical implementation,Game Developer
Game engine development C++ graphics programming and practical implementation,Game Developer
Game development graphics animation Unity for real world applications,Game Developer
Game development graphics animation Unity,Game Developer
Game development graphics animation Unity with hands-on experience,Game Developer
Mobile game development Unity Android games for real world applications,Game Developer
experienced in Game programming C++ Unreal Engine,Game Developer
Game development Unity C# game design for real world applications,Game Developer



Creative design graphics branding Adobe tools for real world applications,Graphic Designer
Visual communication graphic design branding for real world applications,Graphic Designer
skilled in Graphic design creative visuals Adobe tools,Graphic Designer
Graphic design creative visuals Adobe tools for real world applications,Graphic Designer
experienced in Creative design graphics branding Adobe tools,Graphic Designer
Logo design branding graphics Adobe Illustrator and practical implementation,Graphic Designer
Design branding graphics Photoshop Illustrator with hands-on experience,Graphic Designer
Logo design branding graphics Adobe Illustrator for real world applications,Graphic Designer
experienced in Graphic design creative visuals Adobe tools,Graphic Designer
proficient in Creative design graphics branding Adobe tools,Graphic Designer
Graphic design creative visuals Adobe tools,Graphic Designer
skilled in Visual design branding graphics Photoshop Illustrator,Graphic Designer
experienced in Graphic design Photoshop Illustrator UI graphics,Graphic Designer
Graphic designer UI visuals Photoshop Illustrator and practical implementation,Graphic Designer
Visual design branding graphics Photoshop Illustrator,Graphic Designer
experienced in Visual design branding graphics Photoshop Illustrator,Graphic Designer
proficient in Graphic design Photoshop Illustrator UI graphics,Graphic Designer
Visual design branding graphics Photoshop Illustrator and practical implementation,Graphic Designer
Graphic design Photoshop Illustrator UI graphics and practical implementation,Graphic Designer
Creative design graphics branding Adobe tools,Graphic Designer
Graphic design Photoshop Illustrator UI graphics,Graphic Designer
Graphic designer UI visuals Photoshop Illustrator,Graphic Designer
experienced in Design branding graphics Photoshop Illustrator,Graphic Designer
strong background in Graphic design creative visuals Adobe tools,Graphic Designer
Visual communication graphic design branding with hands-on experience,Graphic Designer
UI graphics design Adobe Photoshop Illustrator for real world applications,Graphic Designer
Graphic designer UI visuals Photoshop Illustrator for real world applications,Graphic Designer
strong background in Design branding graphics Photoshop Illustrator,Graphic Designer
strong background in Creative design graphics branding Adobe tools,Graphic Designer
Graphic design social media visuals branding for real world applications,Graphic Designer
proficient in UI graphics design Adobe Photoshop Illustrator,Graphic Designer
experienced in Graphic design social media visuals branding,Graphic Designer
strong background in Logo design branding graphics Adobe Illustrator,Graphic Designer
strong background in Graphic design social media visuals branding,Graphic Designer
proficient in Visual communication graphic design branding,Graphic Designer
Graphic design social media visuals branding with hands-on experience,Graphic Designer
Creative design graphics branding Adobe tools and practical implementation,Graphic Designer
experienced in Graphic designer UI visuals Photoshop Illustrator,Graphic Designer
proficient in Graphic designer UI visuals Photoshop Illustrator,Graphic Designer
strong background in Visual communication graphic design branding,Graphic Designer
strong background in Graphic design Photoshop Illustrator UI graphics,Graphic Designer
Visual design branding graphics Photoshop Illustrator with hands-on experience,Graphic Designer
experienced in UI graphics design Adobe Photoshop Illustrator,Graphic Designer
proficient in Logo design branding graphics Adobe Illustrator,Graphic Designer
Design branding graphics Photoshop Illustrator and practical implementation,Graphic Designer
Logo design branding graphics Adobe Illustrator,Graphic Designer
skilled in Visual communication graphic design branding,Graphic Designer
UI graphics design Adobe Photoshop Illustrator with hands-on experience,Graphic Designer
skilled in Design branding graphics Photoshop Illustrator,Graphic Designer
experienced in Logo design branding graphics Adobe Illustrator,Graphic Designer
skilled in UI graphics design Adobe Photoshop Illustrator,Graphic Designer
Logo design branding graphics Adobe Illustrator with hands-on experience,Graphic Designer
Graphic design Photoshop Illustrator UI graphics for real world applications,Graphic Designer
UI graphics design Adobe Photoshop Illustrator,Graphic Designer
Design branding graphics Photoshop Illustrator,Graphic Designer
proficient in Design branding graphics Photoshop Illustrator,Graphic Designer
proficient in Graphic design creative visuals Adobe tools,Graphic Designer
skilled in Graphic designer UI visuals Photoshop Illustrator,Graphic Designer
UI graphics design Adobe Photoshop Illustrator and practical implementation,Graphic Designer
Visual design branding graphics Photoshop Illustrator for real world applications,Graphic Designer
proficient in Visual design branding graphics Photoshop Illustrator,Graphic Designer
skilled in Graphic design Photoshop Illustrator UI graphics,Graphic Designer
Graphic design social media visuals branding and practical implementation,Graphic Designer
strong background in UI graphics design Adobe Photoshop Illustrator,Graphic Designer
Graphic designer UI visuals Photoshop Illustrator with hands-on experience,Graphic Designer
Graphic design creative visuals Adobe tools and practical implementation,Graphic Designer
experienced in Visual communication graphic design branding,Graphic Designer
Graphic design social media visuals branding,Graphic Designer
skilled in Graphic design social media visuals branding,Graphic Designer
skilled in Logo design branding graphics Adobe Illustrator,Graphic Designer
Creative design graphics branding Adobe tools with hands-on experience,Graphic Designer
Graphic design Photoshop Illustrator UI graphics with hands-on experience,Graphic Designer
proficient in Graphic design social media visuals branding,Graphic Designer
Design branding graphics Photoshop Illustrator for real world applications,Graphic Designer
skilled in Creative design graphics branding Adobe tools,Graphic Designer


Human resources management recruitment onboarding and practical implementation,HR Recruiter
experienced in HR recruiter talent sourcing hiring process,HR Recruiter
Recruitment hiring talent acquisition HR processes and practical implementation,HR Recruiter
strong background in Recruitment hiring talent acquisition HR processes,HR Recruiter
proficient in Recruitment HR hiring onboarding employee management,HR Recruiter
strong background in Talent acquisition recruitment HR onboarding process,HR Recruiter
proficient in HR recruiter hiring process interview coordination,HR Recruiter
HR operations employee engagement recruitment and practical implementation,HR Recruiter
skilled in Human resources management recruitment onboarding,HR Recruiter
skilled in HR generalist recruitment employee relations,HR Recruiter
Recruitment hiring talent acquisition HR processes with hands-on experience,HR Recruiter
Talent acquisition recruitment HR onboarding process with hands-on experience,HR Recruiter
skilled in HR recruiter talent sourcing hiring process,HR Recruiter
strong background in Talent acquisition HR recruiter hiring process,HR Recruiter
Human resources management recruitment onboarding for real world applications,HR Recruiter
proficient in Recruitment hiring talent acquisition HR processes,HR Recruiter
Talent acquisition recruitment HR onboarding process,HR Recruiter
strong background in Human resources management recruitment onboarding,HR Recruiter
HR recruiter hiring process interview coordination,HR Recruiter
Talent acquisition recruitment HR onboarding process for real world applications,HR Recruiter
strong background in HR management employee relations recruitment hiring,HR Recruiter
skilled in HR operations employee engagement recruitment,HR Recruiter
Human resources management recruitment onboarding,HR Recruiter
HR operations employee engagement recruitment for real world applications,HR Recruiter
Talent acquisition HR recruiter hiring process with hands-on experience,HR Recruiter
Human resources management recruitment onboarding with hands-on experience,HR Recruiter
Recruitment hiring talent acquisition HR processes,HR Recruiter
Recruitment hiring talent acquisition HR processes for real world applications,HR Recruiter
experienced in HR recruiter hiring process interview coordination,HR Recruiter
proficient in HR operations employee engagement recruitment,HR Recruiter
Recruitment HR hiring onboarding employee management and practical implementation,HR Recruiter
skilled in Recruitment HR hiring onboarding employee management,HR Recruiter
HR management employee relations recruitment hiring with hands-on experience,HR Recruiter
experienced in Human resources management recruitment onboarding,HR Recruiter
HR recruiter talent sourcing hiring process and practical implementation,HR Recruiter
Talent acquisition HR recruiter hiring process and practical implementation,HR Recruiter
experienced in HR generalist recruitment employee relations,HR Recruiter
HR operations employee engagement recruitment,HR Recruiter
proficient in Talent acquisition recruitment HR onboarding process,HR Recruiter
HR recruiter talent sourcing hiring process with hands-on experience,HR Recruiter
strong background in Recruitment HR hiring onboarding employee management,HR Recruiter
proficient in HR management employee relations recruitment hiring,HR Recruiter
HR management employee relations recruitment hiring,HR Recruiter
HR management employee relations recruitment hiring and practical implementation,HR Recruiter
Talent acquisition HR recruiter hiring process for real world applications,HR Recruiter
HR management employee relations recruitment hiring for real world applications,HR Recruiter
experienced in Talent acquisition recruitment HR onboarding process,HR Recruiter
HR generalist recruitment employee relations and practical implementation,HR Recruiter
HR recruiter hiring process interview coordination and practical implementation,HR Recruiter
experienced in Recruitment HR hiring onboarding employee management,HR Recruiter
experienced in HR operations employee engagement recruitment,HR Recruiter
Talent acquisition HR recruiter hiring process,HR Recruiter
proficient in HR generalist recruitment employee relations,HR Recruiter
HR generalist recruitment employee relations for real world applications,HR Recruiter
Talent acquisition recruitment HR onboarding process and practical implementation,HR Recruiter
Recruitment HR hiring onboarding employee management,HR Recruiter
proficient in Human resources management recruitment onboarding,HR Recruiter
strong background in HR recruiter hiring process interview coordination,HR Recruiter
Recruitment HR hiring onboarding employee management for real world applications,HR Recruiter
strong background in HR operations employee engagement recruitment,HR Recruiter
HR recruiter hiring process interview coordination with hands-on experience,HR Recruiter
skilled in Recruitment hiring talent acquisition HR processes,HR Recruiter
proficient in HR recruiter talent sourcing hiring process,HR Recruiter
HR recruiter talent sourcing hiring process for real world applications,HR Recruiter
skilled in HR management employee relations recruitment hiring,HR Recruiter
skilled in Talent acquisition HR recruiter hiring process,HR Recruiter
HR recruiter talent sourcing hiring process,HR Recruiter
strong background in HR generalist recruitment employee relations,HR Recruiter
HR generalist recruitment employee relations with hands-on experience,HR Recruiter
skilled in Talent acquisition recruitment HR onboarding process,HR Recruiter
Recruitment HR hiring onboarding employee management with hands-on experience,HR Recruiter
skilled in HR recruiter hiring process interview coordination,HR Recruiter
experienced in Recruitment hiring talent acquisition HR processes,HR Recruiter
proficient in Talent acquisition HR recruiter hiring process,HR Recruiter
HR operations employee engagement recruitment with hands-on experience,HR Recruiter
strong background in HR recruiter talent sourcing hiring process,HR Recruiter
HR generalist recruitment employee relations,HR Recruiter
experienced in Talent acquisition HR recruiter hiring process,HR Recruiter


Technical support hardware software maintenance,IT Support
skilled in Hardware software installation IT support,IT Support
proficient in Technical support hardware software maintenance,IT Support
System administration IT support services,IT Support
strong background in IT helpdesk support troubleshooting systems,IT Support
experienced in Desktop support system troubleshooting IT,IT Support
skilled in Helpdesk support technical troubleshooting IT,IT Support
proficient in IT helpdesk support troubleshooting systems,IT Support
System administration IT support services and practical implementation,IT Support
skilled in IT support services desktop troubleshooting,IT Support
experienced in IT support services desktop troubleshooting,IT Support
Helpdesk support technical troubleshooting IT for real world applications,IT Support
strong background in Helpdesk support technical troubleshooting IT,IT Support
IT support troubleshooting hardware software issues and practical implementation,IT Support
IT helpdesk support troubleshooting systems and practical implementation,IT Support
strong background in Hardware software installation IT support,IT Support
strong background in System administration IT support services,IT Support
Helpdesk support technical troubleshooting IT and practical implementation,IT Support
Technical support hardware software maintenance for real world applications,IT Support
IT support services desktop troubleshooting with hands-on experience,IT Support
skilled in IT support network troubleshooting systems,IT Support
IT support services desktop troubleshooting,IT Support
proficient in IT support troubleshooting hardware software issues,IT Support
System maintenance IT support troubleshooting with hands-on experience,IT Support
System maintenance IT support troubleshooting,IT Support
proficient in Hardware software installation IT support,IT Support
experienced in System maintenance IT support troubleshooting,IT Support
experienced in Helpdesk support technical troubleshooting IT,IT Support
experienced in IT helpdesk support troubleshooting systems,IT Support
Desktop support system troubleshooting IT for real world applications,IT Support
skilled in System maintenance IT support troubleshooting,IT Support
experienced in System administration IT support services,IT Support
skilled in IT helpdesk support troubleshooting systems,IT Support
IT support troubleshooting hardware software issues with hands-on experience,IT Support
IT support network troubleshooting systems for real world applications,IT Support
skilled in System administration IT support services,IT Support
proficient in IT support services desktop troubleshooting,IT Support
Desktop support system troubleshooting IT and practical implementation,IT Support
proficient in IT support network troubleshooting systems,IT Support
experienced in IT support network troubleshooting systems,IT Support
IT helpdesk support troubleshooting systems with hands-on experience,IT Support
IT support network troubleshooting systems and practical implementation,IT Support
strong background in IT support network troubleshooting systems,IT Support
Desktop support system troubleshooting IT with hands-on experience,IT Support
IT support network troubleshooting systems with hands-on experience,IT Support
IT support network troubleshooting systems,IT Support
Technical support hardware software maintenance and practical implementation,IT Support
IT helpdesk support troubleshooting systems,IT Support
skilled in Desktop support system troubleshooting IT,IT Support
Helpdesk support technical troubleshooting IT,IT Support
IT support services desktop troubleshooting for real world applications,IT Support
proficient in Helpdesk support technical troubleshooting IT,IT Support
System administration IT support services for real world applications,IT Support
Desktop support system troubleshooting IT,IT Support
Hardware software installation IT support with hands-on experience,IT Support
Helpdesk support technical troubleshooting IT with hands-on experience,IT Support
strong background in System maintenance IT support troubleshooting,IT Support
IT helpdesk support troubleshooting systems for real world applications,IT Support
skilled in Technical support hardware software maintenance,IT Support
Hardware software installation IT support for real world applications,IT Support
strong background in Desktop support system troubleshooting IT,IT Support
proficient in System administration IT support services,IT Support
skilled in IT support troubleshooting hardware software issues,IT Support
Hardware software installation IT support,IT Support
strong background in Technical support hardware software maintenance,IT Support
System maintenance IT support troubleshooting for real world applications,IT Support
experienced in IT support troubleshooting hardware software issues,IT Support
experienced in Technical support hardware software maintenance,IT Support
experienced in Hardware software installation IT support,IT Support
IT support services desktop troubleshooting and practical implementation,IT Support
IT support troubleshooting hardware software issues for real world applications,IT Support
proficient in System maintenance IT support troubleshooting,IT Support
strong background in IT support services desktop troubleshooting,IT Support
proficient in Desktop support system troubleshooting IT,IT Support
IT support troubleshooting hardware software issues,IT Support
System maintenance IT support troubleshooting and practical implementation,IT Support
System administration IT support services with hands-on experience,IT Support
Hardware software installation IT support and practical implementation,IT Support
Technical support hardware software maintenance with hands-on experience,IT Support



strong background in ML model deployment cloud,Machine Learning Engineer
strong background in ML model deployment flask API integration,Machine Learning Engineer
proficient in Model optimization ML techniques,Machine Learning Engineer
strong background in ML algorithms implementation python,Machine Learning Engineer
experienced in AI engineering machine learning models,Machine Learning Engineer
proficient in Model training evaluation ML python,Machine Learning Engineer
proficient in Machine learning engineering pipelines python,Machine Learning Engineer
strong background in Machine learning applications python,Machine Learning Engineer
proficient in ML deployment flask API python,Machine Learning Engineer
ML engineering pipelines deployment,Machine Learning Engineer
strong background in Deep learning projects python,Machine Learning Engineer
experienced in Machine learning engineering pipelines python,Machine Learning Engineer
proficient in AI model deployment production ML systems,Machine Learning Engineer
Machine learning workflows pipelines,Machine Learning Engineer
skilled in Deep learning projects python,Machine Learning Engineer
skilled in ML deployment flask API python,Machine Learning Engineer
proficient in ML model deployment cloud,Machine Learning Engineer
proficient in Machine learning system design,Machine Learning Engineer
AI engineering machine learning models with hands-on experience,Machine Learning Engineer
Deep learning CNN RNN models tensorflow,Machine Learning Engineer
ML model monitoring deployment,Machine Learning Engineer
experienced in NLP natural language processing transformers models,Machine Learning Engineer
NLP natural language processing transformers models with hands-on experience,Machine Learning Engineer
ML system design deployment pipelines for real world applications,Machine Learning Engineer
experienced in Computer vision image classification deep learning,Machine Learning Engineer
Reinforcement learning AI systems development with hands-on experience,Machine Learning Engineer
experienced in ML engineering python systems,Machine Learning Engineer
strong background in AI ML model building training,Machine Learning Engineer
Deep learning neural networks tensorflow keras models and practical implementation,Machine Learning Engineer
ML model deployment cloud for real world applications,Machine Learning Engineer
experienced in Reinforcement learning AI systems development,Machine Learning Engineer
Deep learning projects python and practical implementation,Machine Learning Engineer
skilled in AI ML model building training,Machine Learning Engineer
Machine learning model building training evaluation with hands-on experience,Machine Learning Engineer
NLP natural language processing transformers models,Machine Learning Engineer
proficient in Deep learning model training python,Machine Learning Engineer
strong background in ML engineering pipelines deployment,Machine Learning Engineer
proficient in ML system design deployment pipelines,Machine Learning Engineer
proficient in Hyperparameter tuning model optimization ML,Machine Learning Engineer
Machine learning model building training evaluation and practical implementation,Machine Learning Engineer
Model deployment machine learning pipelines production with hands-on experience,Machine Learning Engineer
proficient in ML model building evaluation,Machine Learning Engineer
proficient in Machine learning applications python,Machine Learning Engineer
proficient in ML model deployment flask API integration,Machine Learning Engineer
Model training evaluation ML python and practical implementation,Machine Learning Engineer
skilled in Computer vision image classification deep learning,Machine Learning Engineer
experienced in Deep learning frameworks tensorflow keras,Machine Learning Engineer
Deep learning CNN RNN models tensorflow with hands-on experience,Machine Learning Engineer
Machine learning system design with hands-on experience,Machine Learning Engineer
strong background in ML engineering python systems,Machine Learning Engineer
experienced in Machine learning workflows pipelines,Machine Learning Engineer
Machine learning system design for real world applications,Machine Learning Engineer
ML engineering python systems and practical implementation,Machine Learning Engineer
ML deployment flask API python,Machine Learning Engineer
strong background in Hyperparameter tuning model optimization ML,Machine Learning Engineer
proficient in ML engineering pipelines deployment,Machine Learning Engineer
Reinforcement learning AI systems development,Machine Learning Engineer
skilled in ML model deployment cloud,Machine Learning Engineer
skilled in ML model deployment flask API integration,Machine Learning Engineer
Machine learning engineering pipelines python with hands-on experience,Machine Learning Engineer
experienced in Machine learning applications python,Machine Learning Engineer
strong background in ML deployment flask API python,Machine Learning Engineer
experienced in ML deployment flask API python,Machine Learning Engineer
Machine learning model building training evaluation,Machine Learning Engineer
ML engineering pipelines deployment for real world applications,Machine Learning Engineer
skilled in Model optimization ML techniques,Machine Learning Engineer
ML model building evaluation and practical implementation,Machine Learning Engineer
AI ML model building training and practical implementation,Machine Learning Engineer
Deep learning frameworks tensorflow keras,Machine Learning Engineer
ML model deployment flask API integration with hands-on experience,Machine Learning Engineer
experienced in Model deployment machine learning pipelines production,Machine Learning Engineer
Deep learning CNN RNN models tensorflow and practical implementation,Machine Learning Engineer
skilled in Reinforcement learning AI systems development,Machine Learning Engineer
ML model monitoring deployment for real world applications,Machine Learning Engineer
Deep learning projects python for real world applications,Machine Learning Engineer
ML deployment flask API python with hands-on experience,Machine Learning Engineer
proficient in Deep learning neural networks tensorflow keras models,Machine Learning Engineer
ML model deployment flask API integration,Machine Learning Engineer
strong background in AI engineering machine learning models,Machine Learning Engineer
skilled in Model training evaluation ML python,Machine Learning Engineer
strong background in Deep learning frameworks tensorflow keras,Machine Learning Engineer
NLP natural language processing transformers models and practical implementation,Machine Learning Engineer
Machine learning applications python and practical implementation,Machine Learning Engineer
Machine learning engineering pipelines python and practical implementation,Machine Learning Engineer
skilled in ML model monitoring deployment,Machine Learning Engineer
Deep learning projects python with hands-on experience,Machine Learning Engineer
ML model deployment flask API integration and practical implementation,Machine Learning Engineer
AI model pipelines production with hands-on experience,Machine Learning Engineer
Deep learning model training python and practical implementation,Machine Learning Engineer
proficient in ML engineering python systems,Machine Learning Engineer
skilled in NLP natural language processing transformers models,Machine Learning Engineer
Model optimization ML techniques for real world applications,Machine Learning Engineer
ML algorithms implementation python,Machine Learning Engineer
ML deployment flask API python and practical implementation,Machine Learning Engineer
skilled in Deep learning model training python,Machine Learning Engineer
ML model building evaluation for real world applications,Machine Learning Engineer
skilled in Hyperparameter tuning model optimization ML,Machine Learning Engineer
Hyperparameter tuning model optimization ML,Machine Learning Engineer
experienced in Hyperparameter tuning model optimization ML,Machine Learning Engineer
ML algorithms implementation python and practical implementation,Machine Learning Engineer
ML pipelines data preprocessing model training,Machine Learning Engineer
Machine learning workflows pipelines for real world applications,Machine Learning Engineer
Model training evaluation ML python,Machine Learning Engineer
AI model pipelines production and practical implementation,Machine Learning Engineer
Machine learning system design,Machine Learning Engineer
strong background in Deep learning neural networks tensorflow keras models,Machine Learning Engineer
Deep learning neural networks tensorflow keras models for real world applications,Machine Learning Engineer
strong background in AI model pipelines production,Machine Learning Engineer
experienced in Model evaluation validation ML techniques,Machine Learning Engineer
proficient in Deep learning frameworks tensorflow keras,Machine Learning Engineer
strong background in Model training evaluation ML python,Machine Learning Engineer
Deep learning model training python with hands-on experience,Machine Learning Engineer
AI engineering machine learning models for real world applications,Machine Learning Engineer
skilled in Model evaluation validation ML techniques,Machine Learning Engineer
ML engineering python systems,Machine Learning Engineer
ML pipelines data preprocessing model training with hands-on experience,Machine Learning Engineer
Deep learning model training python for real world applications,Machine Learning Engineer
ML system design deployment pipelines and practical implementation,Machine Learning Engineer
skilled in AI model deployment production ML systems,Machine Learning Engineer
Deep learning frameworks tensorflow keras and practical implementation,Machine Learning Engineer
Model deployment machine learning pipelines production and practical implementation,Machine Learning Engineer
Deep learning projects python,Machine Learning Engineer
strong background in Machine learning workflows pipelines,Machine Learning Engineer
proficient in Machine learning workflows pipelines,Machine Learning Engineer
Model deployment machine learning pipelines production,Machine Learning Engineer
Machine learning workflows pipelines and practical implementation,Machine Learning Engineer
AI model deployment production ML systems for real world applications,Machine Learning Engineer
ML model building evaluation with hands-on experience,Machine Learning Engineer
strong background in Deep learning model training python,Machine Learning Engineer
experienced in Machine learning system design,Machine Learning Engineer
ML engineering python systems for real world applications,Machine Learning Engineer
Model optimization ML techniques,Machine Learning Engineer
ML system design deployment pipelines with hands-on experience,Machine Learning Engineer
Computer vision image classification deep learning and practical implementation,Machine Learning Engineer
Model evaluation validation ML techniques,Machine Learning Engineer
ML model deployment cloud and practical implementation,Machine Learning Engineer
strong background in ML pipelines data preprocessing model training,Machine Learning Engineer
ML engineering pipelines deployment with hands-on experience,Machine Learning Engineer
strong background in NLP natural language processing transformers models,Machine Learning Engineer
strong background in ML model building evaluation,Machine Learning Engineer
experienced in ML pipelines data preprocessing model training,Machine Learning Engineer
Model evaluation validation ML techniques and practical implementation,Machine Learning Engineer
proficient in AI model pipelines production,Machine Learning Engineer
ML model deployment cloud with hands-on experience,Machine Learning Engineer
experienced in Deep learning model training python,Machine Learning Engineer
Deep learning neural networks tensorflow keras models,Machine Learning Engineer
Model validation testing ML systems with hands-on experience,Machine Learning Engineer
proficient in ML pipelines data preprocessing model training,Machine Learning Engineer
proficient in Deep learning CNN RNN models tensorflow,Machine Learning Engineer
AI engineering machine learning models and practical implementation,Machine Learning Engineer
Computer vision image classification deep learning for real world applications,Machine Learning Engineer
Machine learning applications python for real world applications,Machine Learning Engineer
experienced in ML model deployment cloud,Machine Learning Engineer
proficient in ML model monitoring deployment,Machine Learning Engineer
Hyperparameter tuning model optimization ML and practical implementation,Machine Learning Engineer
proficient in Model evaluation validation ML techniques,Machine Learning Engineer
skilled in ML algorithms implementation python,Machine Learning Engineer
skilled in Machine learning engineering pipelines python,Machine Learning Engineer
ML model building evaluation,Machine Learning Engineer
AI ML model building training with hands-on experience,Machine Learning Engineer
ML model deployment cloud,Machine Learning Engineer
ML pipelines data preprocessing model training and practical implementation,Machine Learning Engineer
experienced in ML model deployment flask API integration,Machine Learning Engineer
strong background in Model validation testing ML systems,Machine Learning Engineer
Model optimization ML techniques and practical implementation,Machine Learning Engineer
Hyperparameter tuning model optimization ML with hands-on experience,Machine Learning Engineer
proficient in Model validation testing ML systems,Machine Learning Engineer
proficient in Model deployment machine learning pipelines production,Machine Learning Engineer
Machine learning engineering pipelines python,Machine Learning Engineer
strong background in ML system design deployment pipelines,Machine Learning Engineer
skilled in ML system design deployment pipelines,Machine Learning Engineer
strong background in Machine learning engineering pipelines python,Machine Learning Engineer
AI ML model building training for real world applications,Machine Learning Engineer
AI model deployment production ML systems,Machine Learning Engineer
experienced in Model training evaluation ML python,Machine Learning Engineer
skilled in AI engineering machine learning models,Machine Learning Engineer
ML engineering python systems with hands-on experience,Machine Learning Engineer
AI ML model building training,Machine Learning Engineer
Machine learning system design and practical implementation,Machine Learning Engineer
Deep learning model training python,Machine Learning Engineer
ML model monitoring deployment with hands-on experience,Machine Learning Engineer
experienced in ML algorithms implementation python,Machine Learning Engineer
experienced in Machine learning model building training evaluation,Machine Learning Engineer
skilled in AI model pipelines production,Machine Learning Engineer
strong background in Computer vision image classification deep learning,Machine Learning Engineer
experienced in ML system design deployment pipelines,Machine Learning Engineer
Machine learning model building training evaluation for real world applications,Machine Learning Engineer
AI model deployment production ML systems and practical implementation,Machine Learning Engineer
experienced in AI ML model building training,Machine Learning Engineer
skilled in ML model building evaluation,Machine Learning Engineer
Model evaluation validation ML techniques for real world applications,Machine Learning Engineer
Model optimization ML techniques with hands-on experience,Machine Learning Engineer
experienced in Model validation testing ML systems,Machine Learning Engineer
ML model deployment flask API integration for real world applications,Machine Learning Engineer
Deep learning CNN RNN models tensorflow for real world applications,Machine Learning Engineer
Deep learning frameworks tensorflow keras for real world applications,Machine Learning Engineer
NLP natural language processing transformers models for real world applications,Machine Learning Engineer
experienced in ML engineering pipelines deployment,Machine Learning Engineer
strong background in Model evaluation validation ML techniques,Machine Learning Engineer
proficient in Computer vision image classification deep learning,Machine Learning Engineer
skilled in Machine learning model building training evaluation,Machine Learning Engineer
strong background in Model optimization ML techniques,Machine Learning Engineer
proficient in AI engineering machine learning models,Machine Learning Engineer
AI model pipelines production for real world applications,Machine Learning Engineer
ML engineering pipelines deployment and practical implementation,Machine Learning Engineer
skilled in Machine learning system design,Machine Learning Engineer
experienced in Deep learning projects python,Machine Learning Engineer
experienced in Model optimization ML techniques,Machine Learning Engineer
Model validation testing ML systems for real world applications,Machine Learning Engineer
proficient in Reinforcement learning AI systems development,Machine Learning Engineer
experienced in Deep learning CNN RNN models tensorflow,Machine Learning Engineer
Machine learning applications python with hands-on experience,Machine Learning Engineer
Reinforcement learning AI systems development and practical implementation,Machine Learning Engineer
proficient in Deep learning projects python,Machine Learning Engineer
skilled in Model deployment machine learning pipelines production,Machine Learning Engineer
skilled in Machine learning workflows pipelines,Machine Learning Engineer
AI model pipelines production,Machine Learning Engineer
AI engineering machine learning models,Machine Learning Engineer
Machine learning workflows pipelines with hands-on experience,Machine Learning Engineer
Computer vision image classification deep learning with hands-on experience,Machine Learning Engineer
strong background in Reinforcement learning AI systems development,Machine Learning Engineer
Machine learning applications python,Machine Learning Engineer
experienced in Deep learning neural networks tensorflow keras models,Machine Learning Engineer
experienced in ML model building evaluation,Machine Learning Engineer
strong background in Machine learning system design,Machine Learning Engineer
strong background in AI model deployment production ML systems,Machine Learning Engineer
skilled in ML pipelines data preprocessing model training,Machine Learning Engineer
AI model deployment production ML systems with hands-on experience,Machine Learning Engineer
ML algorithms implementation python with hands-on experience,Machine Learning Engineer
Model training evaluation ML python for real world applications,Machine Learning Engineer
skilled in Deep learning neural networks tensorflow keras models,Machine Learning Engineer
strong background in Machine learning model building training evaluation,Machine Learning Engineer
skilled in Deep learning CNN RNN models tensorflow,Machine Learning Engineer
ML model monitoring deployment and practical implementation,Machine Learning Engineer
experienced in AI model pipelines production,Machine Learning Engineer
proficient in AI ML model building training,Machine Learning Engineer
Computer vision image classification deep learning,Machine Learning Engineer
ML pipelines data preprocessing model training for real world applications,Machine Learning Engineer
skilled in Deep learning frameworks tensorflow keras,Machine Learning Engineer
Machine learning engineering pipelines python for real world applications,Machine Learning Engineer
Hyperparameter tuning model optimization ML for real world applications,Machine Learning Engineer
experienced in ML model monitoring deployment,Machine Learning Engineer
proficient in NLP natural language processing transformers models,Machine Learning Engineer
strong background in Deep learning CNN RNN models tensorflow,Machine Learning Engineer
skilled in ML engineering python systems,Machine Learning Engineer
Model validation testing ML systems,Machine Learning Engineer
Model validation testing ML systems and practical implementation,Machine Learning Engineer
ML system design deployment pipelines,Machine Learning Engineer
ML deployment flask API python for real world applications,Machine Learning Engineer
experienced in AI model deployment production ML systems,Machine Learning Engineer
skilled in Machine learning applications python,Machine Learning Engineer
Model evaluation validation ML techniques with hands-on experience,Machine Learning Engineer
skilled in ML engineering pipelines deployment,Machine Learning Engineer
proficient in ML algorithms implementation python,Machine Learning Engineer



Wireless networking configuration access points with hands-on experience,Network Engineer
Network administration troubleshooting systems,Network Engineer
proficient in Networking routing switching protocols TCP IP,Network Engineer
Network engineer TCP IP routing protocols and practical implementation,Network Engineer
skilled in Network monitoring troubleshooting tools,Network Engineer
Cisco networking routing switching protocols with hands-on experience,Network Engineer
Network administration troubleshooting systems with hands-on experience,Network Engineer
experienced in Network configuration routers switches Cisco,Network Engineer
Network engineer TCP IP routing protocols for real world applications,Network Engineer
proficient in Network administration troubleshooting systems,Network Engineer
proficient in Network monitoring troubleshooting tools,Network Engineer
Network infrastructure design LAN WAN with hands-on experience,Network Engineer
strong background in Network security firewall VPN configuration,Network Engineer
experienced in Network engineer TCP IP routing protocols,Network Engineer
Network administration troubleshooting systems and practical implementation,Network Engineer
Network security firewall VPN configuration and practical implementation,Network Engineer
experienced in Network security firewall VPN configuration,Network Engineer
Wireless networking configuration access points,Network Engineer
Wireless networking configuration access points for real world applications,Network Engineer
Network security firewall VPN configuration,Network Engineer
skilled in Cisco networking routing switching protocols,Network Engineer
Cisco networking routing switching protocols for real world applications,Network Engineer
skilled in Network troubleshooting LAN WAN connectivity,Network Engineer
strong background in Network troubleshooting LAN WAN connectivity,Network Engineer
Networking routing switching protocols TCP IP with hands-on experience,Network Engineer
skilled in Network infrastructure design LAN WAN,Network Engineer
Network configuration routers switches Cisco for real world applications,Network Engineer
skilled in Networking routing switching protocols TCP IP,Network Engineer
strong background in Wireless networking configuration access points,Network Engineer
Network monitoring troubleshooting tools,Network Engineer
experienced in Networking routing switching protocols TCP IP,Network Engineer
skilled in Network security firewall VPN configuration,Network Engineer
proficient in Network security firewall VPN configuration,Network Engineer
experienced in Cisco networking routing switching protocols,Network Engineer
Network monitoring troubleshooting tools for real world applications,Network Engineer
Wireless networking configuration access points and practical implementation,Network Engineer
proficient in Cisco networking routing switching protocols,Network Engineer
strong background in Network infrastructure design LAN WAN,Network Engineer
strong background in Networking routing switching protocols TCP IP,Network Engineer
Network infrastructure design LAN WAN and practical implementation,Network Engineer
proficient in Network configuration routers switches Cisco,Network Engineer
proficient in Network infrastructure design LAN WAN,Network Engineer
Network troubleshooting LAN WAN connectivity,Network Engineer
Network engineer TCP IP routing protocols,Network Engineer
skilled in Wireless networking configuration access points,Network Engineer
Network monitoring troubleshooting tools and practical implementation,Network Engineer
proficient in Network engineer TCP IP routing protocols,Network Engineer
experienced in Wireless networking configuration access points,Network Engineer
Network configuration routers switches Cisco with hands-on experience,Network Engineer
Network troubleshooting LAN WAN connectivity with hands-on experience,Network Engineer
Network configuration routers switches Cisco,Network Engineer
Cisco networking routing switching protocols,Network Engineer
Networking routing switching protocols TCP IP and practical implementation,Network Engineer
strong background in Cisco networking routing switching protocols,Network Engineer
proficient in Network troubleshooting LAN WAN connectivity,Network Engineer
Networking routing switching protocols TCP IP for real world applications,Network Engineer
proficient in Wireless networking configuration access points,Network Engineer
Networking routing switching protocols TCP IP,Network Engineer
Network troubleshooting LAN WAN connectivity for real world applications,Network Engineer
Network administration troubleshooting systems for real world applications,Network Engineer
Cisco networking routing switching protocols and practical implementation,Network Engineer
strong background in Network administration troubleshooting systems,Network Engineer
skilled in Network engineer TCP IP routing protocols,Network Engineer
Network infrastructure design LAN WAN,Network Engineer
Network infrastructure design LAN WAN for real world applications,Network Engineer
skilled in Network administration troubleshooting systems,Network Engineer
Network configuration routers switches Cisco and practical implementation,Network Engineer
experienced in Network administration troubleshooting systems,Network Engineer
Network security firewall VPN configuration with hands-on experience,Network Engineer
experienced in Network troubleshooting LAN WAN connectivity,Network Engineer
experienced in Network monitoring troubleshooting tools,Network Engineer
strong background in Network engineer TCP IP routing protocols,Network Engineer
Network troubleshooting LAN WAN connectivity and practical implementation,Network Engineer
skilled in Network configuration routers switches Cisco,Network Engineer
Network engineer TCP IP routing protocols with hands-on experience,Network Engineer



Product management business requirements planning,Product Manager
Product manager agile scrum roadmap planning and practical implementation,Product Manager
experienced in Product management roadmap planning agile strategy,Product Manager
proficient in Product design strategy agile product development,Product Manager
skilled in Product analytics roadmap planning agile teams,Product Manager
Product lifecycle management agile product strategy and practical implementation,Product Manager
Product lifecycle management agile product strategy for real world applications,Product Manager
Product management stakeholder communication roadmap with hands-on experience,Product Manager
Product management roadmap planning agile strategy and practical implementation,Product Manager
Product management roadmap planning agile strategy for real world applications,Product Manager
Product strategy user stories backlog management,Product Manager
Product analytics roadmap planning agile teams,Product Manager
skilled in Product management roadmap planning agile strategy,Product Manager
strong background in Product management roadmap planning agile strategy,Product Manager
proficient in Product management business requirements planning,Product Manager
proficient in Product analytics roadmap planning agile teams,Product Manager
Product vision planning product development lifecycle for real world applications,Product Manager
strong background in Product strategy user stories backlog management,Product Manager
Product lifecycle management agile product strategy,Product Manager
Product design strategy agile product development and practical implementation,Product Manager
Product design strategy agile product development,Product Manager
Product analytics roadmap planning agile teams and practical implementation,Product Manager
skilled in Product design strategy agile product development,Product Manager
Product vision planning product development lifecycle and practical implementation,Product Manager
experienced in Product strategy user stories backlog management,Product Manager
experienced in Product manager agile scrum roadmap planning,Product Manager
experienced in Product manager user requirements roadmap planning,Product Manager
Product manager user requirements roadmap planning,Product Manager
Product manager agile scrum roadmap planning,Product Manager
Product management roadmap planning agile strategy,Product Manager
Product management stakeholder communication roadmap for real world applications,Product Manager
skilled in Product manager agile scrum roadmap planning,Product Manager
skilled in Product strategy user stories backlog management,Product Manager
Product management stakeholder communication roadmap,Product Manager
experienced in Product design strategy agile product development,Product Manager
Product management business requirements planning for real world applications,Product Manager
experienced in Product vision planning product development lifecycle,Product Manager
skilled in Product management business requirements planning,Product Manager
Product strategy user stories backlog management and practical implementation,Product Manager
Product vision planning product development lifecycle,Product Manager
skilled in Product management stakeholder communication roadmap,Product Manager
Product strategy user stories backlog management with hands-on experience,Product Manager
experienced in Product management business requirements planning,Product Manager
proficient in Product vision planning product development lifecycle,Product Manager
Product manager agile scrum roadmap planning for real world applications,Product Manager
strong background in Product analytics roadmap planning agile teams,Product Manager
Product analytics roadmap planning agile teams for real world applications,Product Manager
Product manager user requirements roadmap planning for real world applications,Product Manager
strong background in Product manager agile scrum roadmap planning,Product Manager
skilled in Product lifecycle management agile product strategy,Product Manager
Product vision planning product development lifecycle with hands-on experience,Product Manager
Product lifecycle management agile product strategy with hands-on experience,Product Manager
Product management business requirements planning and practical implementation,Product Manager
Product manager user requirements roadmap planning and practical implementation,Product Manager
Product strategy user stories backlog management for real world applications,Product Manager
proficient in Product manager agile scrum roadmap planning,Product Manager
Product analytics roadmap planning agile teams with hands-on experience,Product Manager
Product management stakeholder communication roadmap and practical implementation,Product Manager
skilled in Product vision planning product development lifecycle,Product Manager
proficient in Product management roadmap planning agile strategy,Product Manager
strong background in Product management stakeholder communication roadmap,Product Manager
strong background in Product design strategy agile product development,Product Manager
experienced in Product analytics roadmap planning agile teams,Product Manager
experienced in Product management stakeholder communication roadmap,Product Manager
skilled in Product manager user requirements roadmap planning,Product Manager
proficient in Product lifecycle management agile product strategy,Product Manager
Product manager agile scrum roadmap planning with hands-on experience,Product Manager
Product manager user requirements roadmap planning with hands-on experience,Product Manager
proficient in Product management stakeholder communication roadmap,Product Manager
experienced in Product lifecycle management agile product strategy,Product Manager
strong background in Product vision planning product development lifecycle,Product Manager
Product management roadmap planning agile strategy with hands-on experience,Product Manager
proficient in Product manager user requirements roadmap planning,Product Manager
proficient in Product strategy user stories backlog management,Product Manager
strong background in Product management business requirements planning,Product Manager
Product design strategy agile product development for real world applications,Product Manager
Product management business requirements planning with hands-on experience,Product Manager
strong background in Product lifecycle management agile product strategy,Product Manager



experienced in Software testing QA defect tracking tools,QA Engineer
experienced in Quality assurance software testing lifecycle,QA Engineer
proficient in Bug tracking reporting testing QA tools,QA Engineer
strong background in Automation testing frameworks selenium python,QA Engineer
skilled in Bug tracking reporting testing QA tools,QA Engineer
proficient in Test case design execution QA testing,QA Engineer
strong background in Functional testing regression testing QA,QA Engineer
skilled in Automation testing frameworks selenium python,QA Engineer
Functional testing regression testing QA,QA Engineer
Test automation scripts QA selenium and practical implementation,QA Engineer
Automation testing selenium webdriver scripts,QA Engineer
Automation testing frameworks selenium python,QA Engineer
Test automation scripts QA selenium,QA Engineer
strong background in Automation testing selenium webdriver scripts,QA Engineer
proficient in Quality assurance software testing lifecycle,QA Engineer
experienced in Test automation scripts QA selenium,QA Engineer
Automation testing frameworks selenium python and practical implementation,QA Engineer
Functional testing regression testing QA and practical implementation,QA Engineer
Bug tracking reporting testing QA tools for real world applications,QA Engineer
Manual testing QA test cases execution and practical implementation,QA Engineer
Software testing QA defect tracking tools,QA Engineer
proficient in Software testing manual testing test cases QA,QA Engineer
proficient in Manual testing QA test cases execution,QA Engineer
Quality assurance software testing lifecycle,QA Engineer
Software testing QA defect tracking tools for real world applications,QA Engineer
Software testing QA defect tracking tools with hands-on experience,QA Engineer
Quality assurance software testing lifecycle and practical implementation,QA Engineer
experienced in Software testing manual testing test cases QA,QA Engineer
Test automation scripts QA selenium with hands-on experience,QA Engineer
strong background in Test automation scripts QA selenium,QA Engineer
experienced in Manual testing QA test cases execution,QA Engineer
Quality assurance software testing lifecycle for real world applications,QA Engineer
strong background in Manual testing QA test cases execution,QA Engineer
Software testing manual testing test cases QA and practical implementation,QA Engineer
skilled in Automation testing selenium webdriver scripts,QA Engineer
proficient in Functional testing regression testing QA,QA Engineer
skilled in Software testing manual testing test cases QA,QA Engineer
Bug tracking reporting testing QA tools with hands-on experience,QA Engineer
skilled in Manual testing QA test cases execution,QA Engineer
Automation testing selenium webdriver scripts for real world applications,QA Engineer
Software testing manual testing test cases QA for real world applications,QA Engineer
skilled in Test case design execution QA testing,QA Engineer
proficient in Test automation scripts QA selenium,QA Engineer
skilled in Test automation scripts QA selenium,QA Engineer
experienced in Functional testing regression testing QA,QA Engineer
Bug tracking reporting testing QA tools and practical implementation,QA Engineer
Manual testing QA test cases execution for real world applications,QA Engineer
proficient in Automation testing frameworks selenium python,QA Engineer
Manual testing QA test cases execution,QA Engineer
Automation testing frameworks selenium python for real world applications,QA Engineer
Manual testing QA test cases execution with hands-on experience,QA Engineer
Software testing manual testing test cases QA,QA Engineer
skilled in Software testing QA defect tracking tools,QA Engineer
Automation testing frameworks selenium python with hands-on experience,QA Engineer
Automation testing selenium webdriver scripts and practical implementation,QA Engineer
Test case design execution QA testing,QA Engineer
experienced in Automation testing frameworks selenium python,QA Engineer
strong background in Bug tracking reporting testing QA tools,QA Engineer
skilled in Functional testing regression testing QA,QA Engineer
proficient in Automation testing selenium webdriver scripts,QA Engineer
skilled in Quality assurance software testing lifecycle,QA Engineer
Software testing QA defect tracking tools and practical implementation,QA Engineer
Quality assurance software testing lifecycle with hands-on experience,QA Engineer
Test case design execution QA testing and practical implementation,QA Engineer
experienced in Automation testing selenium webdriver scripts,QA Engineer
experienced in Test case design execution QA testing,QA Engineer
strong background in Test case design execution QA testing,QA Engineer
Bug tracking reporting testing QA tools,QA Engineer
Test case design execution QA testing with hands-on experience,QA Engineer
proficient in Software testing QA defect tracking tools,QA Engineer
Functional testing regression testing QA for real world applications,QA Engineer
Software testing manual testing test cases QA with hands-on experience,QA Engineer
strong background in Quality assurance software testing lifecycle,QA Engineer
strong background in Software testing QA defect tracking tools,QA Engineer
Test case design execution QA testing for real world applications,QA Engineer
experienced in Bug tracking reporting testing QA tools,QA Engineer



Robotics engineering automation control systems robots for real world applications,Robotics Engineer
experienced in Robotics engineering hardware software integration,Robotics Engineer
strong background in Robotics engineering automation control systems robots,Robotics Engineer
proficient in Robotics AI automation control systems,Robotics Engineer
skilled in Automation robotics control systems engineering,Robotics Engineer
Automation robotics control systems engineering with hands-on experience,Robotics Engineer
experienced in Robot programming control systems automation robotics,Robotics Engineer
Robot programming control systems automation robotics for real world applications,Robotics Engineer
Robotics systems sensors actuators programming and practical implementation,Robotics Engineer
proficient in Automation robotics control systems engineering,Robotics Engineer
experienced in Robotics AI automation control systems,Robotics Engineer
Robot design programming control systems and practical implementation,Robotics Engineer
strong background in Robotics simulation automation systems programming,Robotics Engineer
Automation robotics control systems engineering,Robotics Engineer
Robotics engineering hardware software integration with hands-on experience,Robotics Engineer
Robot automation systems engineering programming,Robotics Engineer
Robotics engineering automation control systems robots,Robotics Engineer
proficient in Robot design programming control systems,Robotics Engineer
Robotics AI automation control systems,Robotics Engineer
Robotics simulation automation systems programming for real world applications,Robotics Engineer
Robotics engineering hardware software integration,Robotics Engineer
strong background in Robotics engineering hardware software integration,Robotics Engineer
proficient in Robotics engineering automation control systems robots,Robotics Engineer
Robotics engineering hardware software integration and practical implementation,Robotics Engineer
skilled in Robotics engineering embedded systems automation,Robotics Engineer
Robotics engineering embedded systems automation,Robotics Engineer
Robotics simulation automation systems programming,Robotics Engineer
Automation robotics control systems engineering for real world applications,Robotics Engineer
experienced in Robot design programming control systems,Robotics Engineer
proficient in Robotics engineering hardware software integration,Robotics Engineer
proficient in Robot automation systems engineering programming,Robotics Engineer
experienced in Robotics engineering embedded systems automation,Robotics Engineer
Robot design programming control systems with hands-on experience,Robotics Engineer
Robotics systems sensors actuators programming,Robotics Engineer
strong background in Robot design programming control systems,Robotics Engineer
strong background in Robotics engineering embedded systems automation,Robotics Engineer
Robot programming control systems automation robotics,Robotics Engineer
proficient in Robotics simulation automation systems programming,Robotics Engineer
experienced in Robotics simulation automation systems programming,Robotics Engineer
skilled in Robotics engineering hardware software integration,Robotics Engineer
experienced in Robot automation systems engineering programming,Robotics Engineer
Robotics AI automation control systems with hands-on experience,Robotics Engineer
Robotics simulation automation systems programming and practical implementation,Robotics Engineer
proficient in Robotics engineering embedded systems automation,Robotics Engineer
Robotics AI automation control systems for real world applications,Robotics Engineer
Robotics engineering hardware software integration for real world applications,Robotics Engineer
strong background in Automation robotics control systems engineering,Robotics Engineer
Robotics engineering embedded systems automation and practical implementation,Robotics Engineer
strong background in Robot programming control systems automation robotics,Robotics Engineer
skilled in Robot design programming control systems,Robotics Engineer
skilled in Robotics engineering automation control systems robots,Robotics Engineer
strong background in Robotics AI automation control systems,Robotics Engineer
Robotics systems sensors actuators programming with hands-on experience,Robotics Engineer
Robot automation systems engineering programming and practical implementation,Robotics Engineer
Robot programming control systems automation robotics and practical implementation,Robotics Engineer
proficient in Robot programming control systems automation robotics,Robotics Engineer
Robotics engineering embedded systems automation for real world applications,Robotics Engineer
Robot programming control systems automation robotics with hands-on experience,Robotics Engineer
skilled in Robot programming control systems automation robotics,Robotics Engineer
strong background in Robot automation systems engineering programming,Robotics Engineer
Robotics systems sensors actuators programming for real world applications,Robotics Engineer
Robotics AI automation control systems and practical implementation,Robotics Engineer
Robotics simulation automation systems programming with hands-on experience,Robotics Engineer
skilled in Robot automation systems engineering programming,Robotics Engineer
skilled in Robotics AI automation control systems,Robotics Engineer
skilled in Robotics simulation automation systems programming,Robotics Engineer
Robotics engineering automation control systems robots and practical implementation,Robotics Engineer
experienced in Automation robotics control systems engineering,Robotics Engineer
strong background in Robotics systems sensors actuators programming,Robotics Engineer
Robotics engineering embedded systems automation with hands-on experience,Robotics Engineer
Robot design programming control systems for real world applications,Robotics Engineer
Robot automation systems engineering programming with hands-on experience,Robotics Engineer
Robot automation systems engineering programming for real world applications,Robotics Engineer
Robot design programming control systems,Robotics Engineer
experienced in Robotics engineering automation control systems robots,Robotics Engineer
proficient in Robotics systems sensors actuators programming,Robotics Engineer



System reliability monitoring incident response SRE and practical implementation,Site Reliability Engineer
proficient in High availability systems uptime monitoring SRE,Site Reliability Engineer
skilled in System reliability monitoring incident response SRE,Site Reliability Engineer
System performance monitoring reliability engineering for real world applications,Site Reliability Engineer
strong background in System reliability monitoring incident response SRE,Site Reliability Engineer
proficient in SRE infrastructure automation reliability systems,Site Reliability Engineer
strong background in Infrastructure reliability monitoring alerting SRE,Site Reliability Engineer
Monitoring alerting systems uptime reliability,Site Reliability Engineer
proficient in Production systems reliability monitoring SRE,Site Reliability Engineer
experienced in Infrastructure reliability monitoring alerting SRE,Site Reliability Engineer
SRE infrastructure automation reliability systems and practical implementation,Site Reliability Engineer
strong background in System performance monitoring reliability engineering,Site Reliability Engineer
skilled in High availability systems uptime monitoring SRE,Site Reliability Engineer
Production systems reliability monitoring SRE for real world applications,Site Reliability Engineer
strong background in SRE logging monitoring distributed systems,Site Reliability Engineer
experienced in System performance monitoring reliability engineering,Site Reliability Engineer
strong background in Monitoring alerting systems uptime reliability,Site Reliability Engineer
skilled in SRE infrastructure automation reliability systems,Site Reliability Engineer
experienced in SRE logging monitoring distributed systems,Site Reliability Engineer
Site reliability automation incident management for real world applications,Site Reliability Engineer
Monitoring alerting systems uptime reliability with hands-on experience,Site Reliability Engineer
proficient in System scalability reliability engineering practices,Site Reliability Engineer
proficient in System reliability monitoring incident response SRE,Site Reliability Engineer
System reliability monitoring incident response SRE for real world applications,Site Reliability Engineer
Production systems reliability monitoring SRE with hands-on experience,Site Reliability Engineer
strong background in Site reliability automation incident management,Site Reliability Engineer
experienced in Production systems reliability monitoring SRE,Site Reliability Engineer
Site reliability automation incident management and practical implementation,Site Reliability Engineer
System reliability monitoring incident response SRE,Site Reliability Engineer
proficient in SRE logging monitoring distributed systems,Site Reliability Engineer
Production systems reliability monitoring SRE,Site Reliability Engineer
experienced in System reliability monitoring incident response SRE,Site Reliability Engineer
skilled in Infrastructure reliability monitoring alerting SRE,Site Reliability Engineer
skilled in Production systems reliability monitoring SRE,Site Reliability Engineer
experienced in System scalability reliability engineering practices,Site Reliability Engineer
strong background in Production systems reliability monitoring SRE,Site Reliability Engineer
SRE logging monitoring distributed systems with hands-on experience,Site Reliability Engineer
skilled in SRE logging monitoring distributed systems,Site Reliability Engineer
proficient in Infrastructure reliability monitoring alerting SRE,Site Reliability Engineer
High availability systems uptime monitoring SRE with hands-on experience,Site Reliability Engineer
System performance monitoring reliability engineering with hands-on experience,Site Reliability Engineer
proficient in Monitoring alerting systems uptime reliability,Site Reliability Engineer
strong background in SRE infrastructure automation reliability systems,Site Reliability Engineer
System performance monitoring reliability engineering,Site Reliability Engineer
experienced in Monitoring alerting systems uptime reliability,Site Reliability Engineer
Site reliability automation incident management,Site Reliability Engineer
Site reliability automation incident management with hands-on experience,Site Reliability Engineer
System scalability reliability engineering practices and practical implementation,Site Reliability Engineer
strong background in High availability systems uptime monitoring SRE,Site Reliability Engineer
skilled in Monitoring alerting systems uptime reliability,Site Reliability Engineer
System scalability reliability engineering practices with hands-on experience,Site Reliability Engineer
Infrastructure reliability monitoring alerting SRE and practical implementation,Site Reliability Engineer
System scalability reliability engineering practices for real world applications,Site Reliability Engineer
skilled in System scalability reliability engineering practices,Site Reliability Engineer
Monitoring alerting systems uptime reliability and practical implementation,Site Reliability Engineer
SRE logging monitoring distributed systems and practical implementation,Site Reliability Engineer
strong background in System scalability reliability engineering practices,Site Reliability Engineer
High availability systems uptime monitoring SRE for real world applications,Site Reliability Engineer
SRE logging monitoring distributed systems,Site Reliability Engineer
System scalability reliability engineering practices,Site Reliability Engineer
proficient in Site reliability automation incident management,Site Reliability Engineer
skilled in Site reliability automation incident management,Site Reliability Engineer
SRE infrastructure automation reliability systems with hands-on experience,Site Reliability Engineer
experienced in Site reliability automation incident management,Site Reliability Engineer
Infrastructure reliability monitoring alerting SRE for real world applications,Site Reliability Engineer
Infrastructure reliability monitoring alerting SRE,Site Reliability Engineer
SRE infrastructure automation reliability systems,Site Reliability Engineer
Infrastructure reliability monitoring alerting SRE with hands-on experience,Site Reliability Engineer
Monitoring alerting systems uptime reliability for real world applications,Site Reliability Engineer
skilled in System performance monitoring reliability engineering,Site Reliability Engineer
High availability systems uptime monitoring SRE,Site Reliability Engineer
System performance monitoring reliability engineering and practical implementation,Site Reliability Engineer
experienced in SRE infrastructure automation reliability systems,Site Reliability Engineer
SRE infrastructure automation reliability systems for real world applications,Site Reliability Engineer



C programming pointers memory management with hands-on experience,Software Development
proficient in C programming pointers memory management,Software Development
proficient in Algorithms problem solving competitive programming,Software Development
proficient in Software testing debugging coding practices,Software Development
strong background in Java C++ data structures algorithms software development,Software Development
C programming pointers memory management and practical implementation,Software Development
Software development lifecycle SDLC Agile and practical implementation,Software Development
strong background in Backend software engineering Java Spring Boot,Software Development
C++ Java application development coding for real world applications,Software Development
Software development lifecycle SDLC Agile,Software Development
C++ Java application development coding and practical implementation,Software Development
proficient in Object oriented programming Java Python coding,Software Development
Software testing debugging coding practices,Software Development
proficient in System design software engineering coding problems,Software Development
C programming pointers memory management,Software Development
Python Java software development applications for real world applications,Software Development
Backend software engineering Java Spring Boot for real world applications,Software Development
Algorithms problem solving competitive programming and practical implementation,Software Development
Python Java software development applications,Software Development
Object oriented programming Java Python coding for real world applications,Software Development
Java C++ data structures algorithms software development,Software Development
C programming pointers memory management for real world applications,Software Development
strong background in C++ Java application development coding,Software Development
experienced in Object oriented programming Java Python coding,Software Development
Python Java software development applications with hands-on experience,Software Development
Object oriented programming Java Python coding with hands-on experience,Software Development
Algorithms problem solving competitive programming with hands-on experience,Software Development
Python Java software development applications and practical implementation,Software Development
Java C++ data structures algorithms software development with hands-on experience,Software Development
Software development lifecycle SDLC Agile with hands-on experience,Software Development
proficient in Software development lifecycle SDLC Agile,Software Development
proficient in Python Java software development applications,Software Development
experienced in C++ Java application development coding,Software Development
experienced in Software development lifecycle SDLC Agile,Software Development
skilled in Backend software engineering Java Spring Boot,Software Development
experienced in System design software engineering coding problems,Software Development
Backend software engineering Java Spring Boot with hands-on experience,Software Development
Algorithms problem solving competitive programming for real world applications,Software Development
strong background in Algorithms problem solving competitive programming,Software Development
System design software engineering coding problems,Software Development
experienced in C programming pointers memory management,Software Development
skilled in C programming pointers memory management,Software Development
Software testing debugging coding practices and practical implementation,Software Development
strong background in C programming pointers memory management,Software Development
strong background in Object oriented programming Java Python coding,Software Development
System design software engineering coding problems with hands-on experience,Software Development
C++ Java application development coding,Software Development
Object oriented programming Java Python coding,Software Development
experienced in Java C++ data structures algorithms software development,Software Development
experienced in Algorithms problem solving competitive programming,Software Development
experienced in Backend software engineering Java Spring Boot,Software Development
strong background in Python Java software development applications,Software Development
skilled in Algorithms problem solving competitive programming,Software Development
skilled in Software development lifecycle SDLC Agile,Software Development
Backend software engineering Java Spring Boot,Software Development
Java C++ data structures algorithms software development and practical implementation,Software Development
skilled in C++ Java application development coding,Software Development
proficient in Java C++ data structures algorithms software development,Software Development
System design software engineering coding problems and practical implementation,Software Development
skilled in System design software engineering coding problems,Software Development
Software testing debugging coding practices with hands-on experience,Software Development
Object oriented programming Java Python coding and practical implementation,Software Development
proficient in Backend software engineering Java Spring Boot,Software Development
skilled in Object oriented programming Java Python coding,Software Development
skilled in Python Java software development applications,Software Development
Java C++ data structures algorithms software development for real world applications,Software Development
Backend software engineering Java Spring Boot and practical implementation,Software Development
skilled in Java C++ data structures algorithms software development,Software Development
proficient in C++ Java application development coding,Software Development
Software development lifecycle SDLC Agile for real world applications,Software Development
Software testing debugging coding practices for real world applications,Software Development
skilled in Software testing debugging coding practices,Software Development
strong background in System design software engineering coding problems,Software Development
experienced in Software testing debugging coding practices,Software Development
C++ Java application development coding with hands-on experience,Software Development
experienced in Python Java software development applications,Software Development
strong background in Software development lifecycle SDLC Agile,Software Development
Algorithms problem solving competitive programming,Software Development
strong background in Software testing debugging coding practices,Software Development



proficient in Technical communication documentation writing,Technical Writer
proficient in User manuals guides documentation writing,Technical Writer
skilled in API documentation writing technical content,Technical Writer
proficient in Technical documentation software systems writing,Technical Writer
Software documentation manuals user guides with hands-on experience,Technical Writer
proficient in Technical writer content creation documentation,Technical Writer
proficient in Technical writing documentation software manuals,Technical Writer
strong background in Technical communication documentation writing,Technical Writer
experienced in Documentation writing API manuals software,Technical Writer
strong background in Technical writer content creation documentation,Technical Writer
strong background in Technical documentation software systems writing,Technical Writer
Technical communication documentation writing for real world applications,Technical Writer
skilled in Documentation writing API manuals software,Technical Writer
proficient in API documentation writing technical content,Technical Writer
Technical writing documentation software manuals,Technical Writer
experienced in Writing technical documents guides manuals,Technical Writer
experienced in Technical writer content creation documentation,Technical Writer
skilled in Technical writer content creation documentation,Technical Writer
Technical writing documentation software manuals for real world applications,Technical Writer
strong background in Technical writing documentation software manuals,Technical Writer
User manuals guides documentation writing,Technical Writer
Technical documentation software systems writing for real world applications,Technical Writer
Writing technical documents guides manuals,Technical Writer
experienced in Technical documentation software systems writing,Technical Writer
API documentation writing technical content with hands-on experience,Technical Writer
experienced in Technical writing documentation software manuals,Technical Writer
proficient in Writing technical documents guides manuals,Technical Writer
Technical writer content creation documentation,Technical Writer
Technical communication documentation writing with hands-on experience,Technical Writer
User guides documentation technical writing,Technical Writer
proficient in Documentation writing API manuals software,Technical Writer
Technical writing documentation software manuals with hands-on experience,Technical Writer
skilled in Technical writing documentation software manuals,Technical Writer
skilled in Technical documentation software systems writing,Technical Writer
skilled in Software documentation manuals user guides,Technical Writer
experienced in Technical communication documentation writing,Technical Writer
Technical writer content creation documentation and practical implementation,Technical Writer
proficient in User guides documentation technical writing,Technical Writer
API documentation writing technical content for real world applications,Technical Writer
Software documentation manuals user guides and practical implementation,Technical Writer
User guides documentation technical writing and practical implementation,Technical Writer
strong background in User manuals guides documentation writing,Technical Writer
User guides documentation technical writing with hands-on experience,Technical Writer
Technical communication documentation writing and practical implementation,Technical Writer
skilled in User guides documentation technical writing,Technical Writer
strong background in API documentation writing technical content,Technical Writer
User manuals guides documentation writing for real world applications,Technical Writer
skilled in User manuals guides documentation writing,Technical Writer
Technical writing documentation software manuals and practical implementation,Technical Writer
Writing technical documents guides manuals with hands-on experience,Technical Writer
Software documentation manuals user guides,Technical Writer
Technical documentation software systems writing,Technical Writer
skilled in Technical communication documentation writing,Technical Writer
Documentation writing API manuals software with hands-on experience,Technical Writer
Technical documentation software systems writing with hands-on experience,Technical Writer
Software documentation manuals user guides for real world applications,Technical Writer
Technical writer content creation documentation with hands-on experience,Technical Writer
User manuals guides documentation writing with hands-on experience,Technical Writer
skilled in Writing technical documents guides manuals,Technical Writer
strong background in User guides documentation technical writing,Technical Writer
proficient in Software documentation manuals user guides,Technical Writer
experienced in API documentation writing technical content,Technical Writer
API documentation writing technical content and practical implementation,Technical Writer
strong background in Software documentation manuals user guides,Technical Writer
User guides documentation technical writing for real world applications,Technical Writer
API documentation writing technical content,Technical Writer
Writing technical documents guides manuals and practical implementation,Technical Writer
experienced in User manuals guides documentation writing,Technical Writer
strong background in Writing technical documents guides manuals,Technical Writer
Documentation writing API manuals software and practical implementation,Technical Writer
Documentation writing API manuals software for real world applications,Technical Writer
Technical writer content creation documentation for real world applications,Technical Writer
Writing technical documents guides manuals for real world applications,Technical Writer
strong background in Documentation writing API manuals software,Technical Writer
experienced in Software documentation manuals user guides,Technical Writer



proficient in UI UX design wireframes prototyping figma,UI/UX Designer
UI UX design wireframes prototyping figma with hands-on experience,UI/UX Designer
skilled in Design thinking user experience UX process,UI/UX Designer
Wireframing prototyping UI UX design tools for real world applications,UI/UX Designer
UI UX design wireframes prototyping figma,UI/UX Designer
User centered design UI UX principles with hands-on experience,UI/UX Designer
User centered design UI UX principles,UI/UX Designer
strong background in UI design mobile web applications layouts,UI/UX Designer
UX research user journeys interface design,UI/UX Designer
experienced in User experience research usability testing,UI/UX Designer
experienced in Prototyping wireframes UI UX tools figma,UI/UX Designer
Prototyping wireframes UI UX tools figma for real world applications,UI/UX Designer
User interface design responsive layouts figma for real world applications,UI/UX Designer
Prototyping wireframes UI UX tools figma with hands-on experience,UI/UX Designer
skilled in UX research user journeys interface design,UI/UX Designer
Design thinking user experience UX process,UI/UX Designer
strong background in User experience research usability testing,UI/UX Designer
skilled in User centered design UI UX principles,UI/UX Designer
experienced in UX research user journeys interface design,UI/UX Designer
skilled in User interface design responsive layouts figma,UI/UX Designer
strong background in User interface design responsive layouts figma,UI/UX Designer
UI design mobile web applications layouts,UI/UX Designer
skilled in User experience research usability testing,UI/UX Designer
proficient in User centered design UI UX principles,UI/UX Designer
UI design mobile web applications layouts and practical implementation,UI/UX Designer
Wireframing prototyping UI UX design tools,UI/UX Designer
UX research user journeys interface design with hands-on experience,UI/UX Designer
User interface design responsive layouts figma,UI/UX Designer
Prototyping wireframes UI UX tools figma and practical implementation,UI/UX Designer
User interface design responsive layouts figma and practical implementation,UI/UX Designer
strong background in Figma Adobe XD UI design prototyping,UI/UX Designer
User experience research usability testing and practical implementation,UI/UX Designer
proficient in Prototyping wireframes UI UX tools figma,UI/UX Designer
Wireframing prototyping UI UX design tools and practical implementation,UI/UX Designer
strong background in User centered design UI UX principles,UI/UX Designer
User centered design UI UX principles for real world applications,UI/UX Designer
experienced in User interface design responsive layouts figma,UI/UX Designer
skilled in UI UX design wireframes prototyping figma,UI/UX Designer
experienced in UI design mobile web applications layouts,UI/UX Designer
Design thinking user experience UX process with hands-on experience,UI/UX Designer
Wireframing prototyping UI UX design tools with hands-on experience,UI/UX Designer
experienced in Wireframing prototyping UI UX design tools,UI/UX Designer
proficient in Design thinking user experience UX process,UI/UX Designer
proficient in Figma Adobe XD UI design prototyping,UI/UX Designer
Figma Adobe XD UI design prototyping for real world applications,UI/UX Designer
proficient in User interface design responsive layouts figma,UI/UX Designer
UX research user journeys interface design for real world applications,UI/UX Designer
proficient in UI design mobile web applications layouts,UI/UX Designer
skilled in UI design mobile web applications layouts,UI/UX Designer
skilled in Wireframing prototyping UI UX design tools,UI/UX Designer
UX research user journeys interface design and practical implementation,UI/UX Designer
strong background in UI UX design wireframes prototyping figma,UI/UX Designer
Design thinking user experience UX process for real world applications,UI/UX Designer
UI UX design wireframes prototyping figma for real world applications,UI/UX Designer
skilled in Prototyping wireframes UI UX tools figma,UI/UX Designer
Design thinking user experience UX process and practical implementation,UI/UX Designer
Figma Adobe XD UI design prototyping and practical implementation,UI/UX Designer
User experience research usability testing for real world applications,UI/UX Designer
Figma Adobe XD UI design prototyping,UI/UX Designer
proficient in User experience research usability testing,UI/UX Designer
User centered design UI UX principles and practical implementation,UI/UX Designer
skilled in Figma Adobe XD UI design prototyping,UI/UX Designer
strong background in Prototyping wireframes UI UX tools figma,UI/UX Designer
Prototyping wireframes UI UX tools figma,UI/UX Designer
strong background in Wireframing prototyping UI UX design tools,UI/UX Designer
experienced in Figma Adobe XD UI design prototyping,UI/UX Designer
experienced in UI UX design wireframes prototyping figma,UI/UX Designer
UI UX design wireframes prototyping figma and practical implementation,UI/UX Designer
strong background in UX research user journeys interface design,UI/UX Designer
experienced in Design thinking user experience UX process,UI/UX Designer
proficient in UX research user journeys interface design,UI/UX Designer
User experience research usability testing,UI/UX Designer
User interface design responsive layouts figma with hands-on experience,UI/UX Designer
proficient in Wireframing prototyping UI UX design tools,UI/UX Designer
User experience research usability testing with hands-on experience,UI/UX Designer
experienced in User centered design UI UX principles,UI/UX Designer
UI design mobile web applications layouts for real world applications,UI/UX Designer



experienced in PHP MySQL backend web development APIs,Web Development
experienced in Responsive web design HTML CSS Bootstrap,Web Development
Responsive web design HTML CSS Bootstrap with hands-on experience,Web Development
strong background in PHP MySQL backend web development APIs,Web Development
skilled in Python Django Flask REST API SQL backend development,Web Development
proficient in Node.js Express MongoDB backend API development,Web Development
experienced in Python Django Flask REST API SQL backend development,Web Development
Full stack MERN MongoDB Express React Node.js with hands-on experience,Web Development
skilled in HTML CSS JavaScript React frontend development UI design,Web Development
HTML CSS JavaScript React frontend development UI design with hands-on experience,Web Development
Backend API development Flask Django PostgreSQL,Web Development
Python Django Flask REST API SQL backend development and practical implementation,Web Development
HTML CSS JavaScript React frontend development UI design and practical implementation,Web Development
proficient in React Redux JavaScript frontend web app development,Web Development
Frontend Angular JavaScript UI UX design for real world applications,Web Development
experienced in React Redux JavaScript frontend web app development,Web Development
React Redux JavaScript frontend web app development for real world applications,Web Development
Frontend Angular JavaScript UI UX design and practical implementation,Web Development
skilled in Backend API development Flask Django PostgreSQL,Web Development
Java Spring Boot microservices REST API backend and practical implementation,Web Development
proficient in Java Spring Boot microservices REST API backend,Web Development
strong background in Responsive web design HTML CSS Bootstrap,Web Development
proficient in Frontend Angular JavaScript UI UX design,Web Development
Responsive web design HTML CSS Bootstrap,Web Development
Node.js Express MongoDB backend API development for real world applications,Web Development
skilled in Responsive web design HTML CSS Bootstrap,Web Development
PHP MySQL backend web development APIs with hands-on experience,Web Development
React Redux JavaScript frontend web app development and practical implementation,Web Development
strong background in Frontend Angular JavaScript UI UX design,Web Development
proficient in Full stack MERN MongoDB Express React Node.js,Web Development
HTML CSS JavaScript React frontend development UI design for real world applications,Web Development
skilled in PHP MySQL backend web development APIs,Web Development
experienced in Backend API development Flask Django PostgreSQL,Web Development
skilled in Node.js Express MongoDB backend API development,Web Development
strong background in Python Django Flask REST API SQL backend development,Web Development
PHP MySQL backend web development APIs and practical implementation,Web Development
strong background in React Redux JavaScript frontend web app development,Web Development
strong background in Node.js Express MongoDB backend API development,Web Development
Responsive web design HTML CSS Bootstrap and practical implementation,Web Development
experienced in Full stack MERN MongoDB Express React Node.js,Web Development
PHP MySQL backend web development APIs for real world applications,Web Development
Java Spring Boot microservices REST API backend with hands-on experience,Web Development
Python Django Flask REST API SQL backend development for real world applications,Web Development
Python Django Flask REST API SQL backend development with hands-on experience,Web Development
React Redux JavaScript frontend web app development with hands-on experience,Web Development
experienced in HTML CSS JavaScript React frontend development UI design,Web Development
HTML CSS JavaScript React frontend development UI design,Web Development
experienced in Frontend Angular JavaScript UI UX design,Web Development
Backend API development Flask Django PostgreSQL and practical implementation,Web Development
Frontend Angular JavaScript UI UX design,Web Development
Full stack MERN MongoDB Express React Node.js for real world applications,Web Development
Node.js Express MongoDB backend API development and practical implementation,Web Development
Java Spring Boot microservices REST API backend for real world applications,Web Development
proficient in PHP MySQL backend web development APIs,Web Development
Full stack MERN MongoDB Express React Node.js and practical implementation,Web Development
skilled in Frontend Angular JavaScript UI UX design,Web Development
Full stack MERN MongoDB Express React Node.js,Web Development
React Redux JavaScript frontend web app development,Web Development
Frontend Angular JavaScript UI UX design with hands-on experience,Web Development
Java Spring Boot microservices REST API backend,Web Development
Node.js Express MongoDB backend API development with hands-on experience,Web Development
Node.js Express MongoDB backend API development,Web Development
strong background in Backend API development Flask Django PostgreSQL,Web Development
proficient in Responsive web design HTML CSS Bootstrap,Web Development
strong background in HTML CSS JavaScript React frontend development UI design,Web Development
skilled in React Redux JavaScript frontend web app development,Web Development
skilled in Java Spring Boot microservices REST API backend,Web Development
experienced in Java Spring Boot microservices REST API backend,Web Development
proficient in Backend API development Flask Django PostgreSQL,Web Development
Responsive web design HTML CSS Bootstrap for real world applications,Web Development
Backend API development Flask Django PostgreSQL for real world applications,Web Development
PHP MySQL backend web development APIs,Web Development
Python Django Flask REST API SQL backend development,Web Development
strong background in Java Spring Boot microservices REST API backend,Web Development
experienced in Node.js Express MongoDB backend API development,Web Development




Experienced in Flask framework for backend web development,Flask
Developed REST APIs using Flask and Python,Flask
Built lightweight web applications using Flask,Flask
Integrated Flask with SQL databases for data management,Flask
Handled routing and request handling using Flask,Flask
Created backend services using Flask framework,Flask
Worked on API development using Flask,Flask
Built scalable backend systems using Flask,Flask
Developed microservices using Flask framework,Flask
Used Flask for rapid web application development,Flask




Experienced in Django framework for scalable web applications,Django
Built secure backend systems using Django,Django
Developed web applications using Django MVC architecture,Django
Used Django ORM for database management,Django
Handled authentication and authorization using Django,Django
Worked with Django templates for dynamic web pages,Django
Developed full stack applications using Django,Django
Implemented backend logic using Django framework,Django
Created scalable APIs using Django,Django
Managed database operations using Django ORM,Django




Experienced in React.js for front-end development,ReactJS
Built dynamic user interfaces using React.js,ReactJS
Developed single-page applications using React.js,ReactJS
Used React components for reusable UI design,ReactJS
Implemented responsive design using React.js,ReactJS
Worked with React hooks for state management,ReactJS
Created interactive UI using React.js framework,ReactJS
Integrated React.js with backend APIs,ReactJS
Built modern web interfaces using React.js,ReactJS
Developed front-end features using React.js,ReactJS


Built full stack web applications using MERN stack technologies,MERN Stack
Created scalable web apps using MERN stack architecture,MERN Stack
Worked on full stack projects using MERN stack with REST APIs,MERN Stack
Implemented complete web solutions using MERN stack,MERN Stack
Built dynamic applications using MERN stack technologies,MERN Stack
Handled frontend and backend using MERN stack,MERN Stack
Developed responsive web apps using MERN stack,MERN Stack
Worked on real-time applications using MERN stack,MERN Stack


Experienced in Node.js for backend development and API creation,Node.js
Developed REST APIs using Node.js and Express.js,Node.js
Built scalable backend systems using Node.js,Node.js
Worked with Node.js for server-side programming,Node.js
Handled asynchronous operations using Node.js,Node.js
Developed backend services using Node.js,Node.js
Built API endpoints using Node.js framework,Node.js
Integrated databases with Node.js backend,Node.js
Created server-side logic using Node.js,Node.js
Worked on web applications using Node.js,Node.js


Experienced in MongoDB for NoSQL database management,MongoDB
Designed and managed databases using MongoDB,MongoDB
Worked with MongoDB for storing and retrieving data,MongoDB
Integrated MongoDB with backend applications,MongoDB
Performed CRUD operations using MongoDB,MongoDB
Used MongoDB for scalable database solutions,MongoDB
Handled data storage using MongoDB,MongoDB
Worked on database optimization using MongoDB,MongoDB
Managed collections and documents in MongoDB,MongoDB
Built applications with MongoDB database integration,MongoDB